Município;Abacate;Abacaxi*;Açaí;Alfafa fenada;Algodão arbóreo (em caroço);Algodão herbáceo (em caroço);Alho;Amendoim (em casca);Arroz (em casca);Aveia (em grão);Azeitona;Banana (cacho);Batata-doce;Batata-inglesa;Borracha (látex coagulado);Borracha (látex líquido);Cacau (em amêndoa);Café (em grão) Total;Café (em grão) Arábica;Café (em grão) Canephora;Caju;Cana-de-açúcar;Cana para forragem;Caqui;Castanha de caju;Cebola;Centeio (em grão);Cevada (em grão);Chá-da-índia (folha verde);Coco-da-baía*;Dendê (cacho de coco);Erva-mate (folha verde);Ervilha (em grão);Fava (em grão);Feijão (em grão);Figo;Fumo (em folha);Girassol (em grão);Goiaba;Guaraná (semente);Juta (fibra);Laranja;Limão;Linho (semente);Maçã;Malva (fibra);Mamão;Mamona (baga);Mandioca;Manga;Maracujá;Marmelo;Melancia;Melão;Milho (em grão);Noz (fruto seco);Palmito;Pera;Pêssego;Pimenta-do-reino;Rami (fibra);Sisal ou agave (fibra);Soja (em grão);Sorgo (em grão);Tangerina;Tomate;Trigo (em grão);Triticale (em grão);Tungue (fruto seco);Urucum (semente);Uva
Brasil;1157449;4380071;7770712;...;-;31331337;2417311;3334263;22317432;1103068;23978;16062591;1926538;12050657;1622068;...;15264498;69205977;50996033;18209944;...;104971298;...;664442;689335;3864231;6419;589380;5563;2275451;2273676;1012330;18117;107772;12172130;158458;12202221;171748;1385628;68031;4802;28499994;2551158;9524;3161544;24500;2148444;135645;18125466;3626601;2557151;1947;2425469;1387617;88118085;62162;401528;60937;735510;3674754;-;348992;260233510;2706132;2186334;9918958;8770270;42305;587;166200;8335241
Nordeste;196078;1439672;26126;...;-;6854076;101069;63505;743605;-;28;5148426;927416;1330343;105206;...;6526166;4045345;1758472;2286873;...;8933982;...;1086;687577;948388;-;-;-;1617832;18092;-;-;107040;1862069;3180;245952;-;680669;27854;-;1646091;255619;-;-;-;946878;129450;3219684;2893834;1703734;55;697464;1348525;8527653;-;14132;-;-;180189;-;348992;30155039;166069;71061;1843895;35478;-;-;16051;5269166
Piauí;-;-;-;...;-;87579;-;217;170022;-;-;87064;261;-;-;...;-;-;-;-;...;228444;...;-;82175;61;-;-;-;8194;-;-;-;6330;252076;-;-;-;890;-;-;2263;-;-;-;-;1153;-;274718;6499;2637;-;89172;95389;1570988;-;-;-;-;-;-;-;7322801;49394;-;6364;-;-;-;-;360
Acauã (PI);-;-;-;...;-;-;-;-;-;-;-;-;-;-;-;...;-;-;-;-;...;-;...;-;-;-;-;-;-;-;-;-;-;-;1190;-;-;-;-;-;-;-;-;-;-;-;-;-;34;-;-;-;-;-;1122;-;-;-;-;-;-;-;-;-;-;-;-;-;-;-;-
Agricolândia (PI);-;-;-;...;-;-;-;-;174;-;-;-;-;-;-;...;-;-;-;-;...;-;...;-;66;-;-;-;-;-;-;-;-;18;74;-;-;-;-;-;-;-;-;-;-;-;-;-;68;-;-;-;-;-;2259;-;-;-;-;-;-;-;6678;-;-;-;-;-;-;-;-
Água Branca (PI);-;-;-;...;-;-;-;-;123;-;-;-;-;-;-;...;-;-;-;-;...;-;...;-;24;-;-;-;-;-;-;-;-;18;80;-;-;-;-;-;-;-;-;-;-;-;-;-;120;-;-;-;378;-;424;-;-;-;-;-;-;-;-;-;-;330;-;-;-;-;-
Alagoinha do Piauí (PI);-;-;-;...;-;-;-;-;-;-;-;-;-;-;-;...;-;-;-;-;...;-;...;-;1856;-;-;-;-;-;-;-;-;-;4026;-;-;-;-;-;-;-;-;-;-;-;-;-;98;-;-;-;-;-;1889;-;-;-;-;-;-;-;-;-;-;-;-;-;-;-;-
Alegrete do Piauí (PI);-;-;-;...;-;18;-;-;-;-;-;-;-;-;-;...;-;-;-;-;...;-;...;-;7;-;-;-;-;-;-;-;-;85;569;-;-;-;-;-;-;-;-;-;-;-;-;-;-;-;-;-;2160;-;2624;-;-;-;-;-;-;-;-;-;-;-;-;-;-;-;-
Alto Longá (PI);-;-;-;...;-;-;-;-;622;-;-;-;-;-;-;...;-;-;-;-;...;68;...;-;215;-;-;-;-;-;-;-;-;-;1176;-;-;-;-;-;-;-;-;-;-;-;-;-;1050;-;-;-;4830;-;439;-;-;-;-;-;-;-;-;-;-;-;-;-;-;-;-
Altos (PI);-;-;-;...;-;-;-;-;124;-;-;31;-;-;-;...;-;-;-;-;...;48;...;-;24;-;-;-;-;149;-;-;-;36;831;-;-;-;-;-;-;68;-;-;-;-;-;-;490;359;-;-;2779;-;301;-;-;-;-;-;-;-;-;-;-;-;-;-;-;-;-
Alvorada do Gurguéia (PI);-;-;-;...;-;-;-;-;76;-;-;1302;-;-;-;...;-;-;-;-;...;504;...;-;12;-;-;-;-;314;-;-;-;-;684;-;-;-;-;-;-;67;-;-;-;-;-;-;480;-;-;-;1020;-;2980;-;-;-;-;-;-;-;34288;-;-;-;-;-;-;-;-
Amarante (PI);-;-;-;...;-;-;-;-;2123;-;-;624;-;-;-;...;-;-;-;-;...;1265;...;-;471;-;-;-;-;-;-;-;-;47;1056;-;-;-;-;-;-;-;-;-;-;-;-;-;2160;-;-;-;-;-;2736;-;-;-;-;-;-;-;-;-;-;-;-;-;-;-;-
Angical do Piauí (PI);-;-;-;...;-;-;-;-;517;-;-;945;-;-;-;...;-;-;-;-;...;282;...;-;71;-;-;-;-;-;-;-;-;43;71;-;-;-;-;-;-;-;-;-;-;-;-;-;312;-;-;-;-;-;832;-;-;-;-;-;-;-;-;-;-;-;-;-;-;-;-
Anísio de Abreu (PI);-;-;-;...;-;-;-;-;-;-;-;-;-;-;-;...;-;-;-;-;...;-;...;-;6;-;-;-;-;-;-;-;-;-;423;-;-;-;-;-;-;-;-;-;-;-;-;-;270;-;-;-;-;-;3224;-;-;-;-;-;-;-;-;-;-;-;-;-;-;-;-
Antônio Almeida (PI);-;-;-;...;-;-;-;-;106;-;-;-;-;-;-;...;-;-;-;-;...;54;...;-;50;-;-;-;-;-;-;-;-;45;356;-;-;-;-;-;-;-;-;-;-;-;-;-;73;-;-;-;211;-;6941;-;-;-;-;-;-;-;45041;-;-;-;-;-;-;-;-
Aroazes (PI);-;-;-;...;-;-;-;-;150;-;-;458;-;-;-;...;-;-;-;-;...;-;...;-;23;-;-;-;-;-;-;-;-;9;31;-;-;-;-;-;-;-;-;-;-;-;-;-;54;-;-;-;135;-;306;-;-;-;-;-;-;-;-;-;-;-;-;-;-;-;-
Aroeiras do Itaim (PI);-;-;-;...;-;-;-;-;-;-;-;-;-;-;-;...;-;-;-;-;...;-;...;-;10;-;-;-;-;-;-;-;-;-;735;-;-;-;-;-;-;-;-;-;-;-;-;-;9;-;-;-;-;-;1920;-;-;-;-;-;-;-;-;-;-;-;-;-;-;-;-
Arraial (PI);-;-;-;...;-;-;-;-;307;-;-;-;-;-;-;...;-;-;-;-;...;-;...;-;63;-;-;-;-;-;-;-;-;-;399;-;-;-;-;-;-;-;-;-;-;-;-;-;45;-;-;-;-;-;966;-;-;-;-;-;-;-;-;-;-;-;-;-;-;-;-
Assunção do Piauí (PI);-;-;-;...;-;-;-;-;-;-;-;-;-;-;-;...;-;-;-;-;...;96;...;-;36;-;-;-;-;-;-;-;-;-;2484;-;-;-;-;-;-;-;-;-;-;-;-;-;94;-;-;-;-;-;463;-;-;-;-;-;-;-;-;-;-;-;-;-;-;-;-
Avelino Lopes (PI);-;-;-;...;-;-;-;-;-;-;-;-;-;-;-;...;-;-;-;-;...;-;...;-;-;-;-;-;-;-;-;-;-;-;3771;-;-;-;-;-;-;-;-;-;-;-;-;-;101;-;-;-;-;-;2979;-;-;-;-;-;-;-;-;-;-;-;-;-;-;-;-
Baixa Grande do Ribeiro (PI);-;-;-;...;-;40181;-;-;18004;-;-;-;-;-;-;...;-;-;-;-;...;207;...;-;16;-;-;-;-;-;-;-;-;27;26900;-;-;-;-;-;-;98;-;-;-;-;-;-;790;-;-;-;167;-;340853;-;-;-;-;-;-;-;1955021;5692;-;-;-;-;-;-;-
Barra D'Alcântara (PI);-;-;-;...;-;-;-;-;146;-;-;-;-;-;-;...;-;-;-;-;...;-;...;-;14;-;-;-;-;-;-;-;-;68;9;-;-;-;-;-;-;-;-;-;-;-;-;-;54;-;-;-;128;-;312;-;-;-;-;-;-;-;-;-;-;-;-;-;-;-;-
Barras (PI);-;-;-;...;-;-;-;-;5053;-;-;365;-;-;-;...;-;-;-;-;...;432;...;-;410;-;-;-;-;58;-;-;-;60;1456;-;-;-;-;-;-;282;-;-;-;-;-;-;1400;612;-;-;9900;-;2551;-;-;-;-;-;-;-;932;-;-;-;-;-;-;-;-
Barreiras do Piauí (PI);-;-;-;...;-;4231;-;-;45;-;-;-;-;-;-;...;-;-;-;-;...;-;...;-;11;-;-;-;-;-;-;-;-;100;550;-;-;-;-;-;-;-;-;-;-;-;-;-;155;-;-;-;-;-;19064;-;-;-;-;-;-;-;118985;-;-;-;-;-;-;-;-
Barro Duro (PI);-;-;-;...;-;-;-;-;473;-;-;3723;-;-;-;...;-;-;-;-;...;144;...;-;210;-;-;-;-;-;-;-;-;90;353;-;-;-;-;-;-;-;-;-;-;-;-;-;351;-;-;-;2200;-;684;-;-;-;-;-;-;-;-;-;-;-;-;-;-;-;-
Batalha (PI);-;-;-;...;-;-;-;-;2070;-;-;383;-;-;-;...;-;-;-;-;...;106;...;-;666;-;-;-;-;-;-;-;-;-;694;-;-;-;-;-;-;26;-;-;-;-;-;-;578;243;-;-;236;-;698;-;-;-;-;-;-;-;-;-;-;-;-;-;-;-;-
Bela Vista do Piauí (PI);-;-;-;...;-;-;-;-;11;-;-;-;-;-;-;...;-;-;-;-;...;-;...;-;-;-;-;-;-;-;-;-;-;-;1300;-;-;-;-;-;-;-;-;-;-;-;-;-;13;-;-;-;-;-;2593;-;-;-;-;-;-;-;-;-;-;-;-;-;-;-;-
Belém do Piauí (PI);-;-;-;...;-;-;-;-;-;-;-;-;-;-;-;...;-;-;-;-;...;-;...;-;175;-;-;-;-;23;-;-;-;-;207;-;-;-;-;-;-;-;-;-;-;-;-;-;108;-;-;-;-;-;179;-;-;-;-;-;-;-;-;-;-;-;-;-;-;-;-
Beneditinos (PI);-;-;-;...;-;-;-;-;685;-;-;-;-;-;-;...;-;-;-;-;...;-;...;-;115;-;-;-;-;-;-;-;-;-;507;-;-;-;-;-;-;-;-;-;-;-;-;-;500;-;-;-;2500;-;142;-;-;-;-;-;-;-;-;-;-;-;-;-;-;-;-
Bertolínia (PI);-;-;-;...;-;-;-;-;162;-;-;-;-;-;-;...;-;-;-;-;...;-;...;-;23;-;-;-;-;-;-;-;-;29;488;-;-;-;-;-;-;-;-;-;-;-;-;-;126;-;-;-;-;-;1346;-;-;-;-;-;-;-;-;-;-;-;-;-;-;-;-
Betânia do Piauí (PI);-;-;-;...;-;-;-;-;-;-;-;-;-;-;-;...;-;-;-;-;...;-;...;-;-;-;-;-;-;-;-;-;-;-;583;-;-;-;-;-;-;-;-;-;-;-;-;-;540;-;-;-;-;-;1126;-;-;-;-;-;-;-;-;-;-;-;-;-;-;-;-
Boa Hora (PI);-;-;-;...;-;-;-;-;248;-;-;-;-;-;-;...;-;-;-;-;...;3907;...;-;52;-;-;-;-;-;-;-;-;-;242;-;-;-;-;-;-;-;-;-;-;-;-;-;342;-;-;-;-;-;83;-;-;-;-;-;-;-;5592;-;-;-;-;-;-;-;-
Bocaina (PI);-;-;-;...;-;-;-;-;11;-;-;268;-;-;-;...;-;-;-;-;...;16;...;-;78;-;-;-;-;112;-;-;-;-;653;-;-;-;-;-;-;-;-;-;-;-;-;-;162;-;-;-;-;-;427;-;-;-;-;-;-;-;-;-;-;-;-;-;-;-;-
Bom Jesus (PI);-;-;-;...;-;-;-;-;3768;-;-;320;-;-;-;...;-;-;-;-;...;81;...;-;54;-;-;-;-;97;-;-;-;100;3989;-;-;-;-;-;-;-;-;-;-;-;-;-;665;90;-;-;836;-;88595;-;-;-;-;-;-;-;643421;-;-;-;-;-;-;-;-
Bom Princípio do Piauí (PI);-;-;-;...;-;-;-;-;-;-;-;-;-;-;-;...;-;-;-;-;...;-;...;-;1333;-;-;-;-;-;-;-;-;-;3475;-;-;-;-;-;-;50;-;-;-;-;-;-;12076;185;-;-;-;-;1853;-;-;-;-;-;-;-;-;-;-;-;-;-;-;-;-
Bonfim do Piauí (PI);-;-;-;...;-;-;-;-;-;-;-;-;-;-;-;...;-;-;-;-;...;-;...;-;-;-;-;-;-;-;-;-;-;-;583;-;-;-;-;-;-;-;-;-;-;-;-;-;123;-;-;-;-;-;181;-;-;-;-;-;-;-;-;-;-;-;-;-;-;-;-
Boqueirão do Piauí (PI);-;-;-;...;-;-;-;-;170;-;-;-;-;-;-;...;-;-;-;-;...;-;...;-;125;-;-;-;-;-;-;-;-;-;155;-;-;-;-;-;-;-;-;-;-;-;-;-;347;-;-;-;-;-;548;-;-;-;-;-;-;-;-;-;-;-;-;-;-;-;-
Brasileira (PI);-;-;-;...;-;-;-;-;12;-;-;-;-;-;-;...;-;-;-;-;...;-;...;-;132;-;-;-;-;-;-;-;-;-;270;-;-;-;-;-;-;-;-;-;-;-;-;-;253;-;-;-;675;-;199;-;-;-;-;-;-;-;-;-;-;-;-;-;-;-;-
Brejo do Piauí (PI);-;-;-;...;-;-;-;-;-;-;-;218;-;-;-;...;-;-;-;-;...;-;...;-;6;-;-;-;-;-;-;-;-;-;240;-;-;-;-;-;-;-;-;-;-;-;-;-;40;-;-;-;440;-;684;-;-;-;-;-;-;-;-;-;-;-;-;-;-;-;-
Buriti dos Lopes (PI);-;-;-;...;-;-;-;-;23858;-;-;-;-;-;-;...;-;-;-;-;...;-;...;-;49;-;-;-;-;-;-;-;-;-;1985;-;-;-;-;-;-;-;-;-;-;-;-;-;7800;-;-;-;-;-;1176;-;-;-;-;-;-;-;1078;-;-;-;-;-;-;-;-
Buriti dos Montes (PI);-;-;-;...;-;-;-;-;-;-;-;-;-;-;-;...;-;-;-;-;...;-;...;-;8;-;-;-;-;-;-;-;-;-;1397;-;-;-;-;-;-;-;-;-;-;-;-;-;244;-;-;-;-;-;1836;-;-;-;-;-;-;-;-;-;-;-;-;-;-;-;-
Cabeceiras do Piauí (PI);-;-;-;...;-;-;-;-;1212;-;-;25;-;-;-;...;-;-;-;-;...;-;...;-;106;-;-;-;-;60;-;-;-;-;234;-;-;-;-;-;-;-;-;-;-;-;-;-;567;-;-;-;732;-;218;-;-;-;-;-;-;-;-;-;-;-;-;-;-;-;-
Cajazeiras do Piauí (PI);-;-;-;...;-;-;-;-;141;-;-;-;-;-;-;...;-;-;-;-;...;-;...;-;4;-;-;-;-;-;-;-;-;-;101;-;-;-;-;-;-;-;-;-;-;-;-;-;37;-;-;-;-;-;510;-;-;-;-;-;-;-;-;-;-;-;-;-;-;-;-
Cajueiro da Praia (PI);-;-;-;...;-;-;-;-;-;-;-;-;-;-;-;...;-;-;-;-;...;-;...;-;109;-;-;-;-;192;-;-;-;-;615;-;-;-;-;-;-;-;-;-;-;-;-;-;4272;-;-;-;-;-;154;-;-;-;-;-;-;-;-;-;-;-;-;-;-;-;-
Caldeirão Grande do Piauí (PI);-;-;-;...;-;-;-;-;-;-;-;-;-;-;-;...;-;-;-;-;...;-;...;-;-;-;-;-;-;-;-;-;-;518;8120;-;-;-;-;-;-;-;-;-;-;-;-;-;37311;-;-;-;-;-;7658;-;-;-;-;-;-;-;-;-;-;-;-;-;-;-;-
Campinas do Piauí (PI);-;-;-;...;-;-;-;-;-;-;-;760;-;-;-;...;-;-;-;-;...;-;...;-;-;-;-;-;-;-;-;-;-;-;495;-;-;-;-;-;-;-;-;-;-;-;-;-;141;480;-;-;43;-;788;-;-;-;-;-;-;-;-;-;-;-;-;-;-;-;-
Campo Alegre do Fidalgo (PI);-;-;-;...;-;-;-;-;-;-;-;-;-;-;-;...;-;-;-;-;...;-;...;-;-;-;-;-;-;-;-;-;-;-;129;-;-;-;-;-;-;-;-;-;-;-;-;-;105;-;-;-;-;-;108;-;-;-;-;-;-;-;-;-;-;-;-;-;-;-;-
Campo Grande do Piauí (PI);-;-;-;...;-;-;-;-;-;-;-;-;-;-;-;...;-;-;-;-;...;-;...;-;1615;-;-;-;-;-;-;-;-;-;687;-;-;-;-;-;-;-;-;-;-;-;-;-;1463;-;-;-;-;-;580;-;-;-;-;-;-;-;-;-;-;-;-;-;-;-;-
Campo Largo do Piauí (PI);-;-;-;...;-;-;-;-;798;-;-;-;-;-;-;...;-;-;-;-;...;-;...;-;4;-;-;-;-;-;-;-;-;50;240;-;-;-;-;-;-;-;-;-;-;-;-;-;288;-;-;-;-;-;433;-;-;-;-;-;-;-;-;-;-;-;-;-;-;-;-
Campo Maior (PI);-;-;-;...;-;-;-;-;399;-;-;-;-;-;-;...;-;-;-;-;...;-;...;-;205;-;-;-;-;-;-;-;-;-;1550;-;-;-;-;-;-;-;-;-;-;-;-;-;896;-;-;-;2588;-;2761;-;-;-;-;-;-;-;-;-;-;-;-;-;-;-;-
Canavieira (PI);-;-;-;...;-;-;-;-;250;-;-;-;-;-;-;...;-;-;-;-;...;-;...;-;100;-;-;-;-;-;-;-;-;19;1185;-;-;-;-;-;-;-;-;-;-;-;-;-;180;-;-;-;-;-;1720;-;-;-;-;-;-;-;-;-;-;-;-;-;-;-;-
Canto do Buriti (PI);-;-;-;...;-;-;-;-;-;-;-;2438;-;-;-;...;-;-;-;-;...;-;...;-;205;-;-;-;-;84;-;-;-;-;1134;-;-;-;-;-;-;-;-;-;-;-;-;-;1103;-;-;-;1340;45389;4142;-;-;-;-;-;-;-;-;-;-;-;-;-;-;-;-
Capitão de Campos (PI);-;-;-;...;-;-;-;-;1050;-;-;-;-;-;-;...;-;-;-;-;...;20;...;-;518;-;-;-;-;-;-;-;-;-;480;-;-;-;-;-;-;-;-;-;-;-;-;-;698;-;-;-;200;-;1822;-;-;-;-;-;-;-;1777;-;-;-;-;-;-;-;-
Capitão Gervásio Oliveira (PI);-;-;-;...;-;-;-;-;-;-;-;-;-;-;-;...;-;-;-;-;...;-;...;-;-;-;-;-;-;-;-;-;-;-;88;-;-;-;-;-;-;-;-;-;-;-;-;-;-;-;-;-;-;-;40;-;-;-;-;-;-;-;-;-;-;-;-;-;-;-;-
Caracol (PI);-;-;-;...;-;-;-;-;-;-;-;-;-;-;-;...;-;-;-;-;...;-;...;-;15;-;-;-;-;-;-;-;-;-;2953;-;-;-;-;-;-;-;-;-;-;-;-;-;680;-;-;-;-;-;8413;-;-;-;-;-;-;-;-;-;-;-;-;-;-;-;-
Caraúbas do Piauí (PI);-;-;-;...;-;-;-;-;552;-;-;-;-;-;-;...;-;-;-;-;...;-;...;-;43;-;-;-;-;-;-;-;-;-;475;-;-;-;-;-;-;-;-;-;-;-;-;-;293;-;-;-;-;-;320;-;-;-;-;-;-;-;-;-;-;-;-;-;-;-;-
Caridade do Piauí (PI);-;-;-;...;-;221;-;-;-;-;-;-;-;-;-;...;-;-;-;-;...;-;...;-;-;-;-;-;-;-;-;-;-;-;505;-;-;-;-;-;-;-;-;-;-;-;-;-;-;-;-;-;-;-;1064;-;-;-;-;-;-;-;-;-;-;364;-;-;-;-;-
Castelo do Piauí (PI);-;-;-;...;-;-;-;-;106;-;-;-;-;-;-;...;-;-;-;-;...;1420;...;-;68;-;-;-;-;-;-;-;-;-;1633;-;-;-;-;-;-;-;-;-;-;-;-;-;517;-;-;-;390;-;1497;-;-;-;-;-;-;-;-;-;-;-;-;-;-;-;-
Caxingó (PI);-;-;-;...;-;-;-;-;6110;-;-;-;-;-;-;...;-;-;-;-;...;-;...;-;8;-;-;-;-;-;-;-;-;-;229;-;-;-;-;-;-;-;-;-;-;-;-;-;640;-;-;-;46;-;116;-;-;-;-;-;-;-;-;-;-;-;-;-;-;-;-
Cocal (PI);-;-;-;...;-;-;-;-;1246;-;-;200;-;-;-;...;-;-;-;-;...;110;...;-;2876;-;-;-;-;86;-;-;-;26;4655;-;-;-;-;-;-;100;-;-;-;-;-;-;35861;315;-;-;-;-;5003;-;-;-;-;-;-;-;7369;-;-;-;-;-;-;-;-
Cocal de Telha (PI);-;-;-;...;-;-;-;-;204;-;-;-;-;-;-;...;-;-;-;-;...;-;...;-;90;-;-;-;-;-;-;-;-;-;66;-;-;-;-;-;-;-;-;-;-;-;-;-;128;-;-;-;432;-;498;-;-;-;-;-;-;-;-;-;-;-;-;-;-;-;-
Cocal dos Alves (PI);-;-;-;...;-;-;-;-;-;-;-;-;-;-;-;...;-;-;-;-;...;-;...;-;4816;-;-;-;-;-;-;-;-;-;1650;-;-;-;-;-;-;-;-;-;-;-;-;-;6204;-;-;-;-;-;652;-;-;-;-;-;-;-;-;-;-;-;-;-;-;-;-
Coivaras (PI);-;-;-;...;-;-;-;-;310;-;-;-;-;-;-;...;-;-;-;-;...;44;...;-;193;-;-;-;-;-;-;-;-;-;472;-;-;-;-;-;-;-;-;-;-;-;-;-;125;-;-;-;406;-;312;-;-;-;-;-;-;-;-;-;-;-;-;-;-;-;-
Colônia do Gurguéia (PI);-;-;-;...;-;-;-;-;18;-;-;58;-;-;-;...;-;-;-;-;...;-;...;-;49;-;-;-;-;-;-;-;-;31;44;-;-;-;-;-;-;-;-;-;-;-;-;-;70;-;-;-;198;-;563;-;-;-;-;-;-;-;-;-;-;-;-;-;-;-;-
Colônia do Piauí (PI);-;-;-;...;-;-;-;-;27;-;-;-;-;-;-;...;-;-;-;-;...;40;...;-;74;-;-;-;-;-;-;-;-;-;389;-;-;-;-;-;-;-;-;-;-;-;-;-;237;-;-;-;422;-;241;-;-;-;-;-;-;-;-;-;-;-;-;-;-;-;-
Conceição do Canindé (PI);-;-;-;...;-;-;-;-;-;-;-;228;23;-;-;...;-;-;-;-;...;-;...;-;-;-;-;-;-;71;-;-;-;-;288;-;-;-;488;-;-;-;-;-;-;-;180;-;60;972;58;-;1316;1026;849;-;-;-;-;-;-;-;-;-;-;1873;-;-;-;-;120
Coronel José Dias (PI);-;-;-;...;-;-;-;-;-;-;-;-;-;-;-;...;-;-;-;-;...;-;...;-;-;-;-;-;-;-;-;-;-;-;189;-;-;-;-;-;-;-;-;-;-;-;-;-;29;-;-;-;-;-;44;-;-;-;-;-;-;-;-;-;-;-;-;-;-;-;-
Corrente (PI);-;-;-;...;-;-;-;-;236;-;-;-;-;-;-;...;-;-;-;-;...;154;...;-;-;-;-;-;-;-;-;-;-;-;1452;-;-;-;-;-;-;-;-;-;-;-;-;-;302;-;-;-;-;-;5014;-;-;-;-;-;-;-;104612;-;-;-;-;-;-;-;-
Cristalândia do Piauí (PI);-;-;-;...;-;-;-;-;17;-;-;-;-;-;-;...;-;-;-;-;...;-;...;-;-;-;-;-;-;-;-;-;-;-;722;-;-;-;-;-;-;-;-;-;-;-;-;-;243;-;-;-;-;-;1406;-;-;-;-;-;-;-;11829;-;-;-;-;-;-;-;-
Cristino Castro (PI);-;-;-;...;-;-;-;-;3299;-;-;320;-;-;-;...;-;-;-;-;...;-;...;-;20;-;-;-;-;-;-;-;-;231;1334;-;-;-;-;-;-;-;-;-;-;-;-;-;420;-;-;-;-;-;971;-;-;-;-;-;-;-;-;-;-;-;-;-;-;-;-
Curimatá (PI);-;-;-;...;-;-;-;-;12;-;-;-;-;-;-;...;-;-;-;-;...;-;...;-;-;-;-;-;-;-;-;-;-;-;2552;-;-;-;-;-;-;-;-;-;-;-;-;-;42;-;-;-;-;-;2100;-;-;-;-;-;-;-;-;-;-;-;-;-;-;-;-
Currais (PI);-;-;-;...;-;-;-;-;2555;-;-;80;-;-;-;...;-;-;-;-;...;342;...;-;12;-;-;-;-;-;-;-;-;-;465;-;-;-;-;-;-;-;-;-;-;-;-;-;325;-;-;-;-;-;129453;-;-;-;-;-;-;-;360186;-;-;-;-;-;-;-;-
Curralinhos (PI);-;-;-;...;-;-;-;-;156;-;-;126;-;-;-;...;-;-;-;-;...;-;...;-;96;-;-;-;-;-;-;-;-;15;72;-;-;-;-;-;-;-;-;-;-;-;-;-;141;-;-;-;-;-;92;-;-;-;-;-;-;-;5081;-;-;-;-;-;-;-;-
Curral Novo do Piauí (PI);-;-;-;...;-;22;-;-;-;-;-;-;-;-;-;...;-;-;-;-;...;-;...;-;-;-;-;-;-;-;-;-;-;-;247;-;-;-;-;-;-;-;-;-;-;-;-;-;2687;-;-;-;-;-;528;-;-;-;-;-;-;-;-;-;-;-;-;-;-;-;-
Demerval Lobão (PI);-;-;-;...;-;-;-;-;120;-;-;-;-;-;-;...;-;-;-;-;...;18;...;-;25;-;-;-;-;-;-;-;-;-;196;-;-;-;-;-;-;-;-;-;-;-;-;-;114;-;-;-;563;-;124;-;-;-;-;-;-;-;-;-;-;-;-;-;-;-;-
Dirceu Arcoverde (PI);-;-;-;...;-;-;-;-;-;-;-;-;-;-;-;...;-;-;-;-;...;-;...;-;-;-;-;-;-;-;-;-;-;-;379;-;-;-;-;-;-;-;-;-;-;-;-;-;18;-;-;-;-;-;72;-;-;-;-;-;-;-;-;-;-;-;-;-;-;-;-
Dom Expedito Lopes (PI);-;-;-;...;-;-;-;-;-;-;-;-;-;-;-;...;-;-;-;-;...;-;...;-;672;-;-;-;-;-;-;-;-;-;3395;-;-;-;-;-;-;-;-;-;-;-;-;-;210;25;-;-;34;-;320;-;-;-;-;-;-;-;-;-;-;135;-;-;-;-;-
Domingos Mourão (PI);-;-;-;...;-;-;-;-;2;-;-;30;-;-;-;...;-;-;-;-;...;92;...;-;81;-;-;-;-;-;-;-;-;-;640;-;-;-;-;-;-;-;-;-;-;-;-;-;100;-;-;-;540;-;375;-;-;-;-;-;-;-;-;-;-;-;-;-;-;-;-
Dom Inocêncio (PI);-;-;-;...;-;-;-;-;-;-;-;-;-;-;-;...;-;-;-;-;...;-;...;-;-;-;-;-;-;-;-;-;-;-;428;-;-;-;-;-;-;-;-;-;-;-;-;-;32;-;-;-;-;-;302;-;-;-;-;-;-;-;-;-;-;-;-;-;-;-;-
Elesbão Veloso (PI);-;-;-;...;-;-;-;-;369;-;-;77;-;-;-;...;-;-;-;-;...;-;...;-;49;-;-;-;-;-;-;-;-;38;260;-;-;-;-;-;-;-;-;-;-;-;-;-;1053;-;-;-;104;-;1238;-;-;-;-;-;-;-;-;-;-;-;-;-;-;-;-
Eliseu Martins (PI);-;-;-;...;-;-;-;-;12;-;-;61;-;-;-;...;-;-;-;-;...;-;...;-;21;-;-;-;-;-;-;-;-;-;484;-;-;-;-;-;-;-;-;-;-;-;-;-;70;-;-;-;57;-;2516;-;-;-;-;-;-;-;-;-;-;-;-;-;-;-;-
Esperantina (PI);-;-;-;...;-;-;-;-;3509;-;-;523;-;-;-;...;-;-;-;-;...;-;...;-;252;-;-;-;-;-;-;-;-;80;485;-;-;-;-;-;-;214;-;-;-;-;-;-;1155;221;-;-;488;-;1554;-;-;-;-;-;-;-;-;-;-;-;-;-;-;-;-
Fartura do Piauí (PI);-;-;-;...;-;-;-;-;-;-;-;-;-;-;-;...;-;-;-;-;...;-;...;-;-;-;-;-;-;-;-;-;-;-;481;-;-;-;-;-;-;-;-;-;-;-;-;-;9;-;-;-;-;-;161;-;-;-;-;-;-;-;-;-;-;-;-;-;-;-;-
Flores do Piauí (PI);-;-;-;...;-;-;-;-;166;-;-;-;-;-;-;...;-;-;-;-;...;-;...;-;31;-;-;-;-;-;-;-;-;19;486;-;-;-;-;-;-;-;-;-;-;-;-;-;102;-;-;-;-;-;1549;-;-;-;-;-;-;-;-;-;-;-;-;-;-;-;-
Floresta do Piauí (PI);-;-;-;...;-;-;-;-;-;-;-;-;-;-;-;...;-;-;-;-;...;-;...;-;7;-;-;-;-;-;-;-;-;-;176;-;-;-;-;-;-;-;-;-;-;-;-;-;72;-;-;-;-;-;380;-;-;-;-;-;-;-;-;-;-;-;-;-;-;-;-
Floriano (PI);-;-;-;...;-;-;-;-;29;-;-;54;-;-;-;...;-;-;-;-;...;-;...;-;242;-;-;-;-;-;-;-;-;10;1944;-;-;-;-;-;-;31;-;-;-;-;-;-;186;-;-;-;185;-;3042;-;-;-;-;-;-;-;-;-;-;313;-;-;-;-;-
Francinópolis (PI);-;-;-;...;-;-;-;-;308;-;-;-;-;-;-;...;-;-;-;-;...;-;...;-;34;-;-;-;-;-;-;-;-;78;19;-;-;-;-;-;-;-;-;-;-;-;-;-;68;-;-;-;72;-;737;-;-;-;-;-;-;-;-;-;-;-;-;-;-;-;-
Francisco Ayres (PI);-;-;-;...;-;-;-;-;2916;-;-;150;-;-;-;...;-;-;-;-;...;-;...;-;21;-;-;-;-;-;-;-;-;20;612;-;-;-;-;-;-;-;-;-;-;-;-;-;123;-;-;-;-;-;2808;-;-;-;-;-;-;-;-;-;-;-;-;-;-;-;-
Francisco Macedo (PI);-;-;-;...;-;20;-;33;-;-;-;-;-;-;-;...;-;-;-;-;...;-;...;-;-;-;-;-;-;-;-;-;-;80;366;-;-;-;-;-;-;-;-;-;-;-;-;-;-;-;-;-;-;-;776;-;-;-;-;-;-;-;-;-;-;-;-;-;-;-;-
Francisco Santos (PI);-;-;-;...;-;-;-;-;-;-;-;-;-;-;-;...;-;-;-;-;...;-;...;-;2548;-;-;-;-;-;-;-;-;-;3060;-;-;-;-;-;-;-;-;-;-;-;-;-;2016;-;-;-;-;-;187;-;-;-;-;-;-;-;-;-;-;-;-;-;-;-;-
Fronteiras (PI);-;-;-;...;-;-;-;-;-;-;-;-;-;-;-;...;-;-;-;-;...;-;...;-;-;-;-;-;-;-;-;-;-;459;7560;-;-;-;-;-;-;-;-;-;-;-;-;-;420;-;-;-;-;-;9984;-;-;-;-;-;-;-;-;-;-;-;-;-;-;-;-
Geminiano (PI);-;-;-;...;-;-;-;-;9;-;-;180;-;-;-;...;-;-;-;-;...;-;...;-;1890;-;-;-;-;16;-;-;-;-;4518;-;-;-;-;-;-;-;-;-;-;-;-;-;2567;-;-;-;200;-;3667;-;-;-;-;-;-;-;-;-;-;250;-;-;-;-;-
Gilbués (PI);-;-;-;...;-;3587;-;-;128;-;-;-;-;-;-;...;-;-;-;-;...;-;...;-;15;-;-;-;-;-;-;-;-;29;4160;-;-;-;-;-;-;-;-;-;-;-;-;-;401;-;-;-;-;-;13144;-;-;-;-;-;-;-;311158;-;-;-;-;-;-;-;-
Guadalupe (PI);-;-;-;...;-;-;-;-;58;-;-;49998;-;-;-;...;-;-;-;-;...;-;...;-;-;-;-;-;-;95;-;-;-;-;403;-;-;-;85;-;-;-;-;-;-;-;835;-;252;-;-;-;30;-;92;-;-;-;-;-;-;-;3251;-;-;-;-;-;-;-;-
Guaribas (PI);-;-;-;...;-;-;-;-;-;-;-;-;-;-;-;...;-;-;-;-;...;9;...;-;6;-;-;-;-;-;-;-;-;-;1569;-;-;-;-;-;-;-;-;-;-;-;-;-;260;-;-;-;-;-;1460;-;-;-;-;-;-;-;-;-;-;-;-;-;-;-;-
Hugo Napoleão (PI);-;-;-;...;-;-;-;-;441;-;-;-;-;-;-;...;-;-;-;-;...;-;...;-;115;-;-;-;-;-;-;-;-;19;67;-;-;-;-;-;-;-;-;-;-;-;-;-;64;-;-;-;-;-;1123;-;-;-;-;-;-;-;-;-;-;-;-;-;-;-;-
Ilha Grande (PI);-;-;-;...;-;-;-;-;1845;-;-;180;-;-;-;...;-;-;-;-;...;440;...;-;7;-;-;-;-;60;-;-;-;-;121;-;-;-;-;-;-;-;-;-;-;-;-;-;151;237;-;-;-;-;14;-;-;-;-;-;-;-;-;-;-;-;-;-;-;-;-
Inhuma (PI);-;-;-;...;-;-;-;-;9;-;-;552;-;-;-;...;-;-;-;-;...;1127;...;-;3038;-;-;-;-;53;-;-;-;74;1673;-;-;-;-;-;-;-;-;-;-;-;-;-;10500;90;899;-;1320;-;1580;-;-;-;-;-;-;-;-;-;-;1950;-;-;-;-;-
Ipiranga do Piauí (PI);-;-;-;...;-;-;-;-;11;-;-;44;-;-;-;...;-;-;-;-;...;59;...;-;266;-;-;-;-;23;-;-;-;9;745;-;-;-;-;-;-;-;-;-;-;-;-;-;2288;-;-;-;788;1296;224;-;-;-;-;-;-;-;-;-;-;192;-;-;-;-;-
Isaías Coelho (PI);-;-;-;...;-;-;-;-;-;-;-;-;-;-;-;...;-;-;-;-;...;-;...;-;9;-;-;-;-;-;-;-;-;-;397;-;-;-;-;-;-;-;-;-;-;-;-;-;72;-;-;-;-;-;1744;-;-;-;-;-;-;-;-;-;-;-;-;-;-;-;-
Itainópolis (PI);-;-;-;...;-;-;-;-;-;-;-;402;12;-;-;...;-;-;-;-;...;-;...;-;17;-;-;-;-;-;-;-;-;-;562;-;-;-;-;-;-;-;-;-;-;-;-;-;17;-;-;-;17;-;1575;-;-;-;-;-;-;-;-;-;-;-;-;-;-;-;-
Itaueira (PI);-;-;-;...;-;-;-;81;524;-;-;198;-;-;-;...;-;-;-;-;...;-;...;-;97;-;-;-;-;-;-;-;-;29;1215;-;-;-;-;-;-;-;-;-;-;-;-;-;360;-;-;-;100;-;18257;-;-;-;-;-;-;-;-;-;-;-;-;-;-;-;-
Jacobina do Piauí (PI);-;-;-;...;-;-;-;-;-;-;-;-;-;-;-;...;-;-;-;-;...;-;...;-;-;-;-;-;-;-;-;-;-;-;102;-;-;-;-;-;-;-;-;-;-;-;-;-;-;-;-;-;35;-;56;-;-;-;-;-;-;-;-;-;-;305;-;-;-;-;-
Jaicós (PI);-;-;-;...;-;-;-;-;-;-;-;-;-;-;-;...;-;-;-;-;...;-;...;-;3192;-;-;-;-;-;-;-;-;-;1371;-;-;-;-;-;-;-;-;-;-;-;-;-;1575;-;-;-;-;-;844;-;-;-;-;-;-;-;-;-;-;-;-;-;-;-;-
Jardim do Mulato (PI);-;-;-;...;-;-;-;-;998;-;-;165;-;-;-;...;-;-;-;-;...;45;...;-;116;-;-;-;-;-;-;-;-;29;207;-;-;-;-;-;-;-;-;-;-;-;-;-;126;-;-;-;-;-;518;-;-;-;-;-;-;-;-;-;-;-;-;-;-;-;-
Jatobá do Piauí (PI);-;-;-;...;-;-;-;-;113;-;-;-;-;-;-;...;-;-;-;-;...;-;...;-;28;-;-;-;-;-;-;-;-;-;185;-;-;-;-;-;-;-;-;-;-;-;-;-;222;-;-;-;16664;-;1578;-;-;-;-;-;-;-;-;-;-;-;-;-;-;-;-
Jerumenha (PI);-;-;-;...;-;-;-;-;32;-;-;-;-;-;-;...;-;-;-;-;...;-;...;-;14;-;-;-;-;216;-;-;-;-;511;-;-;-;-;-;-;-;-;-;-;-;-;-;158;-;-;-;120;-;370;-;-;-;-;-;-;-;-;-;-;-;-;-;-;-;-
João Costa (PI);-;-;-;...;-;-;-;-;-;-;-;2161;-;-;-;...;-;-;-;-;...;-;...;-;-;-;-;-;-;-;-;-;-;-;18;-;-;-;-;-;-;-;-;-;-;-;-;-;-;-;-;-;-;-;108;-;-;-;-;-;-;-;-;-;-;-;-;-;-;-;-
Joaquim Pires (PI);-;-;-;...;-;-;-;-;892;-;-;166;-;-;-;...;-;-;-;-;...;-;...;-;68;-;-;-;-;-;-;-;-;-;747;-;-;-;-;-;-;-;-;-;-;-;-;-;600;-;-;-;-;-;1008;-;-;-;-;-;-;-;-;-;-;-;-;-;-;-;-
Joca Marques (PI);-;-;-;...;-;-;-;-;214;-;-;-;-;-;-;...;-;-;-;-;...;-;...;-;23;-;-;-;-;-;-;-;-;-;315;-;-;-;-;-;-;-;-;-;-;-;-;-;601;-;-;-;390;-;200;-;-;-;-;-;-;-;-;-;-;-;-;-;-;-;-
José de Freitas (PI);-;-;-;...;-;-;-;-;924;-;-;103;-;-;-;...;-;-;-;-;...;65307;...;-;72;-;-;-;-;-;-;-;-;18;1123;-;-;-;-;-;-;-;-;-;-;-;-;-;1634;65;-;-;1485;-;1474;-;-;-;-;-;-;-;-;-;-;-;-;-;-;-;-
Juazeiro do Piauí (PI);-;-;-;...;-;-;-;-;32;-;-;-;-;-;-;...;-;-;-;-;...;-;...;-;40;-;-;-;-;-;-;-;-;-;169;-;-;-;-;-;-;-;-;-;-;-;-;-;55;-;-;-;151;-;542;-;-;-;-;-;-;-;-;-;-;-;-;-;-;-;-
Júlio Borges (PI);-;-;-;...;-;-;-;-;-;-;-;-;-;-;-;...;-;-;-;-;...;95;...;-;-;-;-;-;-;-;-;-;-;-;1120;-;-;-;-;-;-;-;-;-;-;-;-;-;17;-;-;-;-;-;950;-;-;-;-;-;-;-;-;-;-;-;-;-;-;-;-
Jurema (PI);-;-;-;...;-;-;-;-;-;-;-;-;-;-;-;...;-;-;-;-;...;-;...;-;-;-;-;-;-;-;-;-;-;-;768;-;-;-;-;-;-;-;-;-;-;-;-;-;272;-;-;-;-;-;9892;-;-;-;-;-;-;-;-;-;-;-;-;-;-;-;-
Lagoinha do Piauí (PI);-;-;-;...;-;-;-;-;180;-;-;-;-;-;-;...;-;-;-;-;...;-;...;-;25;-;-;-;-;-;-;-;-;10;71;-;-;-;-;-;-;-;-;-;-;-;-;-;198;-;-;-;-;-;248;-;-;-;-;-;-;-;-;-;-;-;-;-;-;-;-
Lagoa Alegre (PI);-;-;-;...;-;-;-;-;390;-;-;-;-;-;-;...;-;-;-;-;...;-;...;-;16;-;-;-;-;-;-;-;-;55;384;-;-;-;-;-;-;-;-;-;-;-;-;-;600;-;-;-;840;-;365;-;-;-;-;-;-;-;-;-;-;-;-;-;-;-;-
Lagoa do Barro do Piauí (PI);-;-;-;...;-;-;-;-;-;-;-;-;-;-;-;...;-;-;-;-;...;-;...;-;-;-;-;-;-;-;-;-;-;-;525;-;-;-;-;-;-;-;-;-;-;-;-;-;21;-;-;-;-;-;141;-;-;-;-;-;-;-;-;-;-;-;-;-;-;-;-
Lagoa de São Francisco (PI);-;-;-;...;-;-;-;-;234;-;-;-;-;-;-;...;-;-;-;-;...;-;...;-;75;-;-;-;-;-;-;-;-;104;515;-;-;-;-;-;-;-;-;-;-;-;-;-;382;-;-;-;-;-;476;-;-;-;-;-;-;-;-;-;-;-;-;-;-;-;-
Lagoa do Piauí (PI);-;-;-;...;-;-;-;-;278;-;-;-;-;-;-;...;-;-;-;-;...;-;...;-;33;-;-;-;-;-;-;-;-;27;92;-;-;-;-;-;-;-;-;-;-;-;-;-;372;-;-;-;255;-;144;-;-;-;-;-;-;-;-;-;-;-;-;-;-;-;-
Lagoa do Sítio (PI);-;-;-;...;-;-;-;-;27;-;-;-;-;-;-;...;-;-;-;-;...;-;...;-;611;-;-;-;-;-;-;-;-;29;1719;-;-;-;-;-;-;-;-;-;-;-;-;-;423;-;-;-;-;-;2753;-;-;-;-;-;-;-;-;-;-;-;-;-;-;-;-
Landri Sales (PI);-;-;-;...;-;-;-;-;275;-;-;41;-;-;-;...;-;-;-;-;...;15;...;-;101;-;-;-;-;-;-;-;-;70;632;-;-;-;-;-;-;17;-;-;-;-;-;-;70;-;-;-;-;-;866;-;-;-;-;-;-;-;5120;-;-;-;-;-;-;-;-
Luís Correia (PI);-;-;-;...;-;-;-;-;26;-;-;-;-;-;-;...;-;-;-;-;...;-;...;-;1012;-;-;-;-;648;-;-;-;-;6518;-;-;-;-;-;-;-;-;-;-;-;-;-;16813;-;-;-;-;-;2592;-;-;-;-;-;-;-;-;-;-;-;-;-;-;-;-
Luzilândia (PI);-;-;-;...;-;-;-;-;1305;-;-;133;-;-;-;...;-;-;-;-;...;-;...;-;26;-;-;-;-;-;-;-;-;-;430;-;-;-;-;-;-;-;-;-;-;-;-;-;608;-;-;-;563;-;1065;-;-;-;-;-;-;-;-;-;-;-;-;-;-;-;-
Madeiro (PI);-;-;-;...;-;-;-;-;378;-;-;76;-;-;-;...;-;-;-;-;...;-;...;-;24;-;-;-;-;-;-;-;-;-;454;-;-;-;-;-;-;-;-;-;-;-;-;-;333;-;-;-;188;-;283;-;-;-;-;-;-;-;-;-;-;-;-;-;-;-;-
Manoel Emídio (PI);-;-;-;...;-;-;-;-;156;-;-;429;-;-;-;...;-;-;-;-;...;-;...;-;210;-;-;-;-;-;-;-;-;61;104;-;-;-;-;-;-;-;-;-;-;-;-;-;567;-;-;-;-;-;126;-;-;-;-;-;-;-;-;-;-;-;-;-;-;-;-
Marcolândia (PI);-;-;-;...;-;-;-;-;-;-;-;-;-;-;-;...;-;-;-;-;...;-;...;-;-;-;-;-;-;-;-;-;-;-;149;-;-;-;-;-;-;-;-;-;-;-;-;-;13405;-;-;-;-;-;1595;-;-;-;-;-;-;-;-;-;-;-;-;-;-;-;-
Marcos Parente (PI);-;-;-;...;-;-;-;-;86;-;-;-;-;-;-;...;-;-;-;-;...;-;...;-;17;-;-;-;-;-;-;-;-;29;344;-;-;-;-;-;-;-;-;-;-;-;-;-;76;-;-;-;-;-;259;-;-;-;-;-;-;-;-;-;-;-;-;-;-;-;-
Massapê do Piauí (PI);-;-;-;...;-;-;-;-;-;-;-;-;-;-;-;...;-;-;-;-;...;-;...;-;171;-;-;-;-;-;-;-;-;-;81;-;-;-;-;-;-;-;-;-;-;-;-;-;-;-;-;-;-;-;52;-;-;-;-;-;-;-;-;-;-;-;-;-;-;-;-
Matias Olímpio (PI);-;-;-;...;-;-;-;-;1103;-;-;-;-;-;-;...;-;-;-;-;...;-;...;-;14;-;-;-;-;-;-;-;-;46;277;-;-;-;-;-;-;-;-;-;-;-;-;-;428;-;-;-;-;-;329;-;-;-;-;-;-;-;-;-;-;-;-;-;-;-;-
Miguel Alves (PI);-;-;-;...;-;-;-;-;28312;-;-;274;-;-;-;...;-;-;-;-;...;33516;...;-;31;-;-;-;-;69;-;-;-;-;1400;-;-;-;-;-;-;63;-;-;-;-;-;-;1615;282;-;-;600;-;1285;-;-;-;-;-;-;-;-;-;-;-;-;-;-;-;-
Miguel Leão (PI);-;-;-;...;-;-;-;-;116;-;-;-;-;-;-;...;-;-;-;-;...;-;...;-;-;-;-;-;-;-;-;-;-;77;164;-;-;-;-;-;-;-;-;-;-;-;-;-;86;-;-;-;-;-;164;-;-;-;-;-;-;-;-;-;-;-;-;-;-;-;-
Milton Brandão (PI);-;-;-;...;-;-;-;-;84;-;-;-;-;-;-;...;-;-;-;-;...;19;...;-;678;-;-;-;-;-;-;-;-;-;440;-;-;-;-;-;-;-;-;-;-;-;-;-;628;-;-;-;600;-;1467;-;-;-;-;-;-;-;-;-;-;-;-;-;-;-;-
Monsenhor Gil (PI);-;-;-;...;-;-;-;-;273;-;-;103;-;-;-;...;-;-;-;-;...;36;...;-;21;-;-;-;-;-;-;-;-;102;226;-;-;-;-;-;-;-;-;-;-;-;-;-;176;63;-;-;1169;-;481;-;-;-;-;-;-;-;-;-;-;-;-;-;-;-;-
Monsenhor Hipólito (PI);-;-;-;...;-;-;-;-;-;-;-;-;-;-;-;...;-;-;-;-;...;-;...;-;4060;-;-;-;-;-;-;-;-;-;2754;-;-;-;-;-;-;-;-;-;-;-;-;-;2568;-;-;-;-;-;532;-;-;-;-;-;-;-;-;-;-;-;-;-;-;-;-
Monte Alegre do Piauí (PI);-;-;-;...;-;-;-;-;923;-;-;-;-;-;-;...;-;-;-;-;...;-;...;-;-;-;-;-;-;-;-;-;-;-;2038;-;-;-;-;-;-;-;-;-;-;-;-;-;109;-;-;-;-;-;6978;-;-;-;-;-;-;-;261165;-;-;-;-;-;-;-;-
Morro Cabeça no Tempo (PI);-;-;-;...;-;-;-;-;-;-;-;-;-;-;-;...;-;-;-;-;...;-;...;-;-;-;-;-;-;-;-;-;-;-;969;-;-;-;-;-;-;-;-;-;-;-;-;-;84;-;-;-;-;-;1072;-;-;-;-;-;-;-;-;-;-;-;-;-;-;-;-
Morro do Chapéu do Piauí (PI);-;-;-;...;-;-;-;-;493;-;-;138;-;-;-;...;-;-;-;-;...;-;...;-;62;-;-;-;-;-;-;-;-;60;245;-;-;-;-;-;-;-;-;-;-;-;-;-;720;-;-;-;195;-;314;-;-;-;-;-;-;-;-;-;-;-;-;-;-;-;-
Murici dos Portelas (PI);-;-;-;...;-;-;-;-;1738;-;-;-;-;-;-;...;-;-;-;-;...;-;...;-;408;-;-;-;-;-;-;-;-;-;1815;-;-;-;-;-;-;-;-;-;-;-;-;-;1607;-;-;-;-;-;392;-;-;-;-;-;-;-;-;-;-;-;-;-;-;-;-
Nazaré do Piauí (PI);-;-;-;...;-;-;-;-;171;-;-;30;-;-;-;...;-;-;-;-;...;-;...;-;12;-;-;-;-;-;-;-;-;-;126;-;-;-;-;-;-;-;-;-;-;-;-;-;49;-;-;-;-;-;507;-;-;-;-;-;-;-;-;-;-;-;-;-;-;-;-
Nazária (PI);-;-;-;...;-;-;-;-;71;-;-;-;-;-;-;...;-;-;-;-;...;-;...;-;56;-;-;-;-;-;-;-;-;9;164;-;-;-;-;-;-;-;-;-;-;-;-;-;203;-;-;-;315;-;207;-;-;-;-;-;-;-;-;-;-;-;-;-;-;-;-
Nossa Senhora de Nazaré (PI);-;-;-;...;-;-;-;-;53;-;-;-;-;-;-;...;-;-;-;-;...;-;...;-;61;-;-;-;-;-;-;-;-;-;550;-;-;-;-;-;-;-;-;-;-;-;-;-;136;-;-;-;-;-;535;-;-;-;-;-;-;-;-;-;-;-;-;-;-;-;-
Nossa Senhora dos Remédios (PI);-;-;-;...;-;-;-;-;858;-;-;-;-;-;-;...;-;-;-;-;...;-;...;-;12;-;-;-;-;-;-;-;-;35;155;-;-;-;-;-;-;-;-;-;-;-;-;-;500;-;-;-;-;-;319;-;-;-;-;-;-;-;-;-;-;-;-;-;-;-;-
Novo Oriente do Piauí (PI);-;-;-;...;-;-;-;-;60;-;-;-;-;-;-;...;-;-;-;-;...;-;...;-;280;-;-;-;-;-;-;-;-;76;420;-;-;-;-;-;-;-;-;-;-;-;-;-;26;-;-;-;-;-;1166;-;-;-;-;-;-;-;-;-;-;-;-;-;-;-;-
Novo Santo Antônio (PI);-;-;-;...;-;-;-;-;70;-;-;-;-;-;-;...;-;-;-;-;...;-;...;-;3;-;-;-;-;-;-;-;-;-;292;-;-;-;-;-;-;-;-;-;-;-;-;-;46;-;-;-;-;-;490;-;-;-;-;-;-;-;-;-;-;-;-;-;-;-;-
Oeiras (PI);-;-;-;...;-;-;-;-;666;-;-;465;-;-;-;...;-;-;-;-;...;54;...;-;255;-;-;-;-;-;-;-;-;186;3140;-;-;-;-;-;-;-;-;-;-;-;-;-;1170;-;-;-;282;-;6300;-;-;-;-;-;-;-;-;-;-;-;-;-;-;-;-
Olho D'Água do Piauí (PI);-;-;-;...;-;-;-;-;148;-;-;-;-;-;-;...;-;-;-;-;...;-;...;-;35;-;-;-;-;-;-;-;-;21;126;-;-;-;-;-;-;-;-;-;-;-;-;-;115;-;-;-;3125;-;1188;-;-;-;-;-;-;-;-;-;-;-;-;-;-;-;-
Padre Marcos (PI);-;-;-;...;-;28;-;85;-;-;-;-;-;-;-;...;-;-;-;-;...;-;...;-;13;-;-;-;-;37;-;-;-;-;1584;-;-;-;-;-;-;-;-;-;-;-;-;-;24;-;-;-;-;-;1892;-;-;-;-;-;-;-;-;-;-;-;-;-;-;-;-
Paes Landim (PI);-;-;-;...;-;-;-;-;-;-;-;91;-;-;-;...;-;-;-;-;...;-;...;-;8;-;-;-;-;-;-;-;-;-;238;-;-;-;-;-;-;-;-;-;-;-;-;-;148;36;-;-;63;-;851;-;-;-;-;-;-;-;-;-;-;-;-;-;-;-;-
Pajeú do Piauí (PI);-;-;-;...;-;-;-;-;6;-;-;-;-;-;-;...;-;-;-;-;...;116;...;-;10;-;-;-;-;-;-;-;-;9;65;-;-;-;-;-;-;-;-;-;-;-;-;-;75;-;-;-;1804;47678;307;-;-;-;-;-;-;-;-;-;-;-;-;-;-;-;-
Palmeira do Piauí (PI);-;-;-;...;-;-;-;-;5215;-;-;63;-;-;-;...;-;-;-;-;...;1620;...;-;90;-;-;-;-;-;-;-;-;51;339;-;-;-;-;-;-;-;-;-;-;-;-;-;448;-;-;-;-;-;42207;-;-;-;-;-;-;-;120009;-;-;-;-;-;-;-;-
Palmeirais (PI);-;-;-;...;-;-;-;-;4899;-;-;338;-;-;-;...;-;-;-;-;...;51;...;-;505;-;-;-;-;-;-;-;-;383;400;-;-;-;-;-;-;-;-;-;-;-;-;-;333;167;-;-;487;-;2787;-;-;-;-;-;-;-;3413;-;-;-;-;-;-;-;-
Paquetá (PI);-;-;-;...;-;-;-;-;-;-;-;120;-;-;-;...;-;-;-;-;...;97;...;-;1971;-;-;-;-;72;-;-;-;-;240;-;-;-;-;-;-;-;-;-;-;-;-;-;1200;-;-;-;55;-;1616;-;-;-;-;-;-;-;-;-;-;-;-;-;-;-;-
Parnaguá (PI);-;-;-;...;-;-;-;-;37;-;-;-;-;-;-;...;-;-;-;-;...;-;...;-;-;-;-;-;-;-;-;-;-;-;1392;-;-;-;-;-;-;-;-;-;-;-;-;-;256;-;-;-;-;-;1274;-;-;-;-;-;-;-;1922;-;-;-;-;-;-;-;-
Parnaíba (PI);-;-;-;...;-;-;-;-;580;-;-;1646;-;-;-;...;-;-;-;-;...;-;...;-;60;-;-;-;-;1987;-;-;-;-;545;-;-;-;-;-;-;-;-;-;-;-;74;-;1169;35;-;-;6563;-;243;-;-;-;-;-;-;-;-;-;-;-;-;-;-;-;-
Passagem Franca do Piauí (PI);-;-;-;...;-;-;-;-;620;-;-;123;-;-;-;...;-;-;-;-;...;-;...;-;30;-;-;-;-;-;-;-;-;9;82;-;-;-;-;-;-;-;-;-;-;-;-;-;44;-;-;-;2415;-;240;-;-;-;-;-;-;-;7307;-;-;-;-;-;-;-;-
Patos do Piauí (PI);-;-;-;...;-;-;-;-;-;-;-;155;105;-;-;...;-;-;-;-;...;-;...;-;33;-;-;-;-;-;-;-;-;-;37;-;-;-;-;-;-;-;-;-;-;-;-;-;273;450;-;-;55;-;359;-;-;-;-;-;-;-;-;-;-;-;-;-;-;-;-
Pau D'Arco do Piauí (PI);-;-;-;...;-;-;-;-;62;-;-;-;-;-;-;...;-;-;-;-;...;-;...;-;106;-;-;-;-;-;-;-;-;9;336;-;-;-;-;-;-;-;-;-;-;-;-;-;58;-;-;-;1574;-;86;-;-;-;-;-;-;-;-;-;-;-;-;-;-;-;-
Paulistana (PI);-;-;-;...;-;143;-;-;-;-;-;158;-;-;-;...;-;-;-;-;...;-;...;-;-;-;-;-;-;39;-;-;-;-;128;-;-;-;-;-;-;-;-;-;-;-;-;-;-;188;-;-;-;-;184;-;-;-;-;-;-;-;-;-;-;-;-;-;-;-;-
Pavussu (PI);-;-;-;...;-;-;-;-;80;-;-;-;-;-;-;...;-;-;-;-;...;57;...;-;18;-;-;-;-;-;-;-;-;29;1052;-;-;-;-;-;-;-;-;-;-;-;-;-;105;-;-;-;-;-;1944;-;-;-;-;-;-;-;-;-;-;-;-;-;-;-;-
Pedro II (PI);-;-;-;...;-;-;-;-;68;-;-;-;-;-;-;...;-;-;-;-;...;84;...;-;240;-;-;-;-;-;-;-;-;292;3296;-;-;-;-;-;-;-;-;-;-;-;-;-;837;-;-;-;260;-;2491;-;-;-;-;-;-;-;-;-;-;-;-;-;-;-;-
Pedro Laurentino (PI);-;-;-;...;-;-;-;-;5;-;-;-;-;-;-;...;-;-;-;-;...;-;...;-;3;-;-;-;-;-;-;-;-;-;99;-;-;-;-;-;-;-;-;-;-;-;-;-;25;-;-;-;36;-;480;-;-;-;-;-;-;-;-;-;-;-;-;-;-;-;-
Nova Santa Rita (PI);-;-;-;...;-;-;-;-;5;-;-;-;-;-;-;...;-;-;-;-;...;-;...;-;8;-;-;-;-;-;-;-;-;-;224;-;-;-;-;-;-;-;-;-;-;-;-;-;31;-;-;-;-;-;865;-;-;-;-;-;-;-;-;-;-;-;-;-;-;-;-
Picos (PI);-;-;-;...;-;-;-;-;4;-;-;1415;-;-;-;...;-;-;-;-;...;158;...;-;637;-;-;-;-;272;-;-;-;-;3835;-;-;-;-;-;-;-;-;-;-;-;63;-;640;363;-;-;351;-;1766;-;-;-;-;-;-;-;-;-;-;312;-;-;-;-;-
Pimenteiras (PI);-;-;-;...;-;-;-;-;43;-;-;302;-;-;-;...;-;-;-;-;...;-;...;-;353;-;-;-;-;51;-;-;-;10;3398;-;-;-;-;-;-;-;-;-;-;-;-;-;590;-;-;-;384;-;1200;-;-;-;-;-;-;-;-;-;-;-;-;-;-;-;-
Pio IX (PI);-;-;-;...;-;-;-;-;-;-;-;-;-;-;-;...;-;-;-;-;...;-;...;-;27324;-;-;-;-;-;-;-;-;39;16200;-;-;-;-;-;-;-;-;-;-;-;-;-;1980;-;-;-;-;-;6750;-;-;-;-;-;-;-;-;-;-;-;-;-;-;-;-
Piracuruca (PI);-;-;-;...;-;-;-;-;1260;-;-;-;-;-;-;...;-;-;-;-;...;50;...;-;2526;-;-;-;-;-;-;-;-;-;2420;-;-;-;-;-;-;-;-;-;-;-;-;-;640;-;-;-;-;-;3841;-;-;-;-;-;-;-;13165;-;-;-;-;-;-;-;-
Piripiri (PI);-;-;-;...;-;-;-;-;900;-;-;-;-;-;-;...;-;-;-;-;...;83;...;-;600;-;-;-;-;-;-;-;-;40;3045;-;-;-;-;-;-;-;-;-;-;-;-;-;1035;-;-;-;500;-;1758;-;-;-;-;-;-;-;-;-;-;-;-;-;-;-;-
Porto (PI);-;-;-;...;-;-;-;-;1848;-;-;-;-;-;-;...;-;-;-;-;...;-;...;-;5;-;-;-;-;-;-;-;-;-;140;-;-;-;-;-;-;-;-;-;-;-;-;-;205;-;-;-;-;-;181;-;-;-;-;-;-;-;-;-;-;-;-;-;-;-;-
Porto Alegre do Piauí (PI);-;-;-;...;-;-;-;-;80;-;-;80;-;-;-;...;-;-;-;-;...;-;...;-;-;-;-;-;-;-;-;-;-;9;131;-;-;-;-;-;-;-;-;-;-;-;-;-;120;-;-;-;-;-;8750;-;-;-;-;-;-;-;5460;485;-;-;-;-;-;-;-
Prata do Piauí (PI);-;-;-;...;-;-;-;-;73;-;-;-;-;-;-;...;-;-;-;-;...;-;...;-;6;-;-;-;-;-;-;-;-;11;38;-;-;-;-;-;-;-;-;-;-;-;-;-;92;-;-;-;125;-;35;-;-;-;-;-;-;-;-;-;-;-;-;-;-;-;-
Queimada Nova (PI);-;-;-;...;-;-;-;-;-;-;-;-;-;-;-;...;-;-;-;-;...;-;...;-;-;-;-;-;-;-;-;-;-;-;842;-;-;-;-;-;-;-;-;-;-;-;-;-;150;-;-;-;-;-;376;-;-;-;-;-;-;-;-;-;-;-;-;-;-;-;-
Redenção do Gurguéia (PI);-;-;-;...;-;-;-;-;57;-;-;128;-;-;-;...;-;-;-;-;...;86;...;-;34;-;-;-;-;-;-;-;-;-;1702;-;-;-;-;-;-;-;-;-;-;-;-;-;585;-;-;-;900;-;441;-;-;-;-;-;-;-;5831;-;-;-;-;-;-;-;-
Regeneração (PI);-;-;-;...;-;-;-;-;1930;-;-;488;-;-;-;...;-;-;-;-;...;-;...;-;72;-;-;-;-;-;-;-;-;18;451;-;-;-;-;-;-;-;-;-;-;-;-;-;585;-;-;-;-;-;5840;-;-;-;-;-;-;-;113058;972;-;-;-;-;-;-;-
Riacho Frio (PI);-;-;-;...;-;-;-;-;60;-;-;-;-;-;-;...;-;-;-;-;...;-;...;-;-;-;-;-;-;-;-;-;-;-;432;-;-;-;-;-;-;-;-;-;-;-;-;-;98;-;-;-;-;-;370;-;-;-;-;-;-;-;-;-;-;-;-;-;-;-;-
Ribeira do Piauí (PI);-;-;-;...;-;-;-;-;14;-;-;50;-;-;-;...;-;-;-;-;...;-;...;-;-;-;-;-;-;-;-;-;-;-;143;-;-;-;-;-;-;-;-;-;-;-;-;-;25;-;-;-;132;-;351;-;-;-;-;-;-;-;-;-;-;-;-;-;-;-;-
Ribeiro Gonçalves (PI);-;-;-;...;-;-;-;-;5336;-;-;480;-;-;-;...;-;-;-;-;...;65;...;-;101;-;-;-;-;-;-;-;-;19;1294;-;-;-;-;-;-;46;-;-;-;-;-;-;455;-;-;-;-;-;160298;-;-;-;-;-;-;-;640180;4898;-;-;-;-;-;-;-
Rio Grande do Piauí (PI);-;-;-;...;-;-;-;-;31;-;-;151;-;-;-;...;-;-;-;-;...;71;...;-;44;-;-;-;-;-;-;-;-;19;143;-;-;-;-;-;-;-;-;-;-;-;-;-;113;-;-;-;440;-;900;-;-;-;-;-;-;-;-;-;-;-;-;-;-;-;-
Santa Cruz do Piauí (PI);-;-;-;...;-;-;-;-;12;-;-;-;-;-;-;...;-;-;-;-;...;75;...;-;64;-;-;-;-;-;-;-;-;-;215;-;-;-;-;-;-;-;-;-;-;-;-;-;75;-;-;-;-;-;432;-;-;-;-;-;-;-;-;-;-;-;-;-;-;-;-
Santa Cruz dos Milagres (PI);-;-;-;...;-;-;-;-;338;-;-;-;-;-;-;...;-;-;-;-;...;-;...;-;6;-;-;-;-;-;-;-;-;-;50;-;-;-;-;-;-;-;-;-;-;-;-;-;29;-;-;-;-;-;893;-;-;-;-;-;-;-;-;-;-;-;-;-;-;-;-
Santa Filomena (PI);-;-;-;...;-;-;-;-;4566;-;-;-;-;-;-;...;-;-;-;-;...;140;...;-;-;-;-;-;-;-;-;-;-;56;6015;-;-;-;-;-;-;-;-;-;-;-;-;-;82;-;-;-;-;-;110858;-;-;-;-;-;-;-;580154;-;-;-;-;-;-;-;-
Santa Luz (PI);-;-;-;...;-;-;-;18;41;-;-;1560;-;-;-;...;-;-;-;-;...;54;...;-;6;-;-;-;-;-;-;-;-;200;1921;-;-;-;-;-;-;-;-;-;-;-;-;-;293;-;-;-;99;-;1572;-;-;-;-;-;-;-;-;-;-;-;-;-;-;-;-
Santana do Piauí (PI);-;-;-;...;-;-;-;-;-;-;-;-;-;-;-;...;-;-;-;-;...;-;...;-;30;-;-;-;-;-;-;-;-;-;945;-;-;-;-;-;-;-;-;-;-;-;-;-;2300;-;-;-;-;-;707;-;-;-;-;-;-;-;-;-;-;-;-;-;-;-;-
Santa Rosa do Piauí (PI);-;-;-;...;-;-;-;-;122;-;-;104;-;-;-;...;-;-;-;-;...;-;...;-;12;-;-;-;-;-;-;-;-;70;445;-;-;-;-;-;-;-;-;-;-;-;-;-;176;-;-;-;-;-;1397;-;-;-;-;-;-;-;-;-;-;-;-;-;-;-;-
Santo Antônio de Lisboa (PI);-;-;-;...;-;-;-;-;-;-;-;-;120;-;-;...;-;-;-;-;...;-;...;-;4378;61;-;-;-;-;-;-;-;-;1242;-;-;-;-;-;-;-;-;-;-;-;-;-;400;-;-;-;-;-;297;-;-;-;-;-;-;-;-;-;-;-;-;-;-;-;-
Santo Antônio dos Milagres (PI);-;-;-;...;-;-;-;-;152;-;-;-;-;-;-;...;-;-;-;-;...;-;...;-;3;-;-;-;-;-;-;-;-;9;90;-;-;-;-;-;-;-;-;-;-;-;-;-;31;-;-;-;-;-;143;-;-;-;-;-;-;-;-;-;-;-;-;-;-;-;-
Santo Inácio do Piauí (PI);-;-;-;...;-;-;-;-;-;-;-;-;-;-;-;...;-;-;-;-;...;-;...;-;6;-;-;-;-;-;-;-;-;-;123;-;-;-;-;-;-;-;-;-;-;-;-;-;64;-;-;-;-;-;255;-;-;-;-;-;-;-;-;-;-;-;-;-;-;-;-
São Braz do Piauí (PI);-;-;-;...;-;-;-;-;-;-;-;-;-;-;-;...;-;-;-;-;...;-;...;-;36;-;-;-;-;-;-;-;-;-;469;-;-;-;-;-;-;-;-;-;-;-;-;-;2696;-;-;-;-;-;1210;-;-;-;-;-;-;-;-;-;-;-;-;-;-;-;-
São Félix do Piauí (PI);-;-;-;...;-;-;-;-;114;-;-;-;-;-;-;...;-;-;-;-;...;-;...;-;30;-;-;-;-;-;-;-;-;10;71;-;-;-;-;-;-;-;-;-;-;-;-;-;50;-;-;-;-;-;274;-;-;-;-;-;-;-;-;-;-;-;-;-;-;-;-
São Francisco de Assis do Piauí (PI);-;-;-;...;-;28;-;-;-;-;-;69;-;-;-;...;-;-;-;-;...;-;...;-;14;-;-;-;-;-;-;-;-;-;312;-;-;-;-;-;-;-;-;-;-;-;-;-;150;-;-;-;-;-;431;-;-;-;-;-;-;-;-;97;-;-;-;-;-;-;-
São Francisco do Piauí (PI);-;-;-;...;-;-;-;-;43;-;-;-;-;-;-;...;-;-;-;-;...;-;...;-;21;-;-;-;-;-;-;-;-;-;726;-;-;-;-;-;-;-;-;-;-;-;-;-;72;-;-;-;-;-;1635;-;-;-;-;-;-;-;-;-;-;-;-;-;-;-;-
São Gonçalo do Gurguéia (PI);-;-;-;...;-;-;-;-;30;-;-;-;-;-;-;...;-;-;-;-;...;-;...;-;-;-;-;-;-;55;-;-;-;-;490;-;-;-;-;-;-;-;-;-;-;-;-;-;47;-;-;-;-;-;576;-;-;-;-;-;-;-;3057;-;-;-;-;-;-;-;-
São Gonçalo do Piauí (PI);-;-;-;...;-;-;-;-;254;-;-;-;-;-;-;...;-;-;-;-;...;-;...;-;159;-;-;-;-;-;-;-;-;18;52;-;-;-;-;-;-;-;-;-;-;-;-;-;143;-;-;-;-;-;2491;-;-;-;-;-;-;-;28250;-;-;-;-;-;-;-;-
São João da Canabrava (PI);-;-;-;...;-;-;-;-;32;-;-;-;-;-;-;...;-;-;-;-;...;30;...;-;326;-;-;-;-;-;-;-;-;-;511;-;-;-;-;-;-;-;-;-;-;-;-;-;1517;-;-;-;-;-;2370;-;-;-;-;-;-;-;-;-;-;-;-;-;-;-;-
São João da Fronteira (PI);-;-;-;...;-;-;-;-;-;-;-;-;-;-;-;...;-;-;-;-;...;108;...;-;174;-;-;-;-;-;-;-;-;-;725;-;-;-;-;-;-;-;-;-;-;-;-;-;218;-;-;-;259;-;428;-;-;-;-;-;-;-;-;-;-;-;-;-;-;-;-
São João da Serra (PI);-;-;-;...;-;-;-;-;336;-;-;-;-;-;-;...;-;-;-;-;...;-;...;-;5;-;-;-;-;-;-;-;-;-;192;-;-;-;-;-;-;-;-;-;-;-;-;-;41;-;-;-;-;-;617;-;-;-;-;-;-;-;-;-;-;-;-;-;-;-;-
São João da Varjota (PI);-;-;-;...;-;-;-;-;6;-;-;-;-;-;-;...;-;-;-;-;...;-;...;-;134;-;-;-;-;-;-;-;-;-;260;-;-;-;-;-;-;-;-;-;-;-;-;-;206;-;-;-;-;-;315;-;-;-;-;-;-;-;-;-;-;-;-;-;-;-;-
São João do Arraial (PI);-;-;-;...;-;-;-;-;440;-;-;59;-;-;-;...;-;-;-;-;...;-;...;-;25;-;-;-;-;-;-;-;-;11;301;-;-;-;-;-;-;-;-;-;-;-;-;-;180;-;-;-;-;-;191;-;-;-;-;-;-;-;-;-;-;-;-;-;-;-;-
São João do Piauí (PI);-;-;-;...;-;-;-;-;-;-;-;706;-;-;-;...;-;-;-;-;...;-;...;-;3;-;-;-;-;275;-;-;-;-;432;-;-;-;108;-;-;-;-;-;-;-;-;-;360;-;-;-;120;-;706;-;-;-;-;-;-;-;-;-;-;-;-;-;-;-;240
São José do Divino (PI);-;-;-;...;-;-;-;-;448;-;-;-;-;-;-;...;-;-;-;-;...;-;...;-;24;-;-;-;-;-;-;-;-;-;570;-;-;-;-;-;-;-;-;-;-;-;-;-;187;-;-;-;60;-;518;-;-;-;-;-;-;-;-;-;-;-;-;-;-;-;-
São José do Peixe (PI);-;-;-;...;-;-;-;-;130;-;-;-;-;-;-;...;-;-;-;-;...;-;...;-;16;-;-;-;-;-;-;-;-;-;73;-;-;-;-;-;-;-;-;-;-;-;-;-;35;-;-;-;-;-;1048;-;-;-;-;-;-;-;-;-;-;-;-;-;-;-;-
São José do Piauí (PI);-;-;-;...;-;-;-;-;7;-;-;-;-;-;-;...;-;-;-;-;...;-;...;-;381;-;-;-;-;-;-;-;-;-;1603;-;-;-;-;-;-;-;-;-;-;-;-;-;2250;-;-;-;-;-;3059;-;-;-;-;-;-;-;-;-;-;-;-;-;-;-;-
São Julião (PI);-;-;-;...;-;-;-;-;-;-;-;-;-;-;-;...;-;-;-;-;...;-;...;-;53;-;-;-;-;-;-;-;-;-;1725;-;-;-;-;-;-;-;-;-;-;-;-;-;216;-;-;-;-;-;448;-;-;-;-;-;-;-;-;-;-;-;-;-;-;-;-
São Lourenço do Piauí (PI);-;-;-;...;-;-;-;-;-;-;-;-;-;-;-;...;-;-;-;-;...;-;...;-;-;-;-;-;-;-;-;-;-;-;417;-;-;-;-;-;-;-;-;-;-;-;-;-;178;-;-;-;-;-;68;-;-;-;-;-;-;-;-;-;-;-;-;-;-;-;-
São Luis do Piauí (PI);-;-;-;...;-;-;-;-;18;-;-;-;-;-;-;...;-;-;-;-;...;-;...;-;17;-;-;-;-;-;-;-;-;-;232;-;-;-;-;-;-;-;-;-;-;-;-;-;61;-;-;-;-;-;1367;-;-;-;-;-;-;-;-;-;-;-;-;-;-;-;-
São Miguel da Baixa Grande (PI);-;-;-;...;-;-;-;-;506;-;-;-;-;-;-;...;-;-;-;-;...;-;...;-;12;-;-;-;-;-;-;-;-;38;32;-;-;-;-;-;-;-;-;-;-;-;-;-;385;-;-;-;-;-;1224;-;-;-;-;-;-;-;-;-;-;-;-;-;-;-;-
São Miguel do Fidalgo (PI);-;-;-;...;-;-;-;-;-;-;-;-;-;-;-;...;-;-;-;-;...;-;...;-;-;-;-;-;-;-;-;-;-;-;118;-;-;-;-;-;-;-;-;-;-;-;-;-;66;-;-;-;-;-;624;-;-;-;-;-;-;-;-;-;-;-;-;-;-;-;-
São Miguel do Tapuio (PI);-;-;-;...;-;-;-;-;117;-;-;259;-;-;-;...;-;-;-;-;...;1096;...;-;230;-;-;-;-;-;-;-;-;-;1485;-;-;-;-;-;-;-;-;-;-;-;-;-;284;-;-;-;-;-;1103;-;-;-;-;-;-;-;-;-;-;-;-;-;-;-;-
São Pedro do Piauí (PI);-;-;-;...;-;-;-;-;1389;-;-;233;-;-;-;...;-;-;-;-;...;-;...;-;159;-;-;-;-;-;-;-;-;160;672;-;-;-;-;-;-;-;-;-;-;-;-;-;70;-;-;-;413;-;950;-;-;-;-;-;-;-;1299;-;-;-;-;-;-;-;-
São Raimundo Nonato (PI);-;-;-;...;-;-;-;-;-;-;-;-;-;-;-;...;-;-;-;-;...;-;...;-;78;-;-;-;-;-;-;-;-;-;1046;-;-;-;-;-;-;-;-;-;-;-;-;-;2440;-;-;-;-;-;340;-;-;-;-;-;-;-;-;-;-;-;-;-;-;-;-
Sebastião Barros (PI);-;-;-;...;-;-;-;-;31;-;-;-;-;-;-;...;-;-;-;-;...;-;...;-;-;-;-;-;-;-;-;-;-;-;307;-;-;-;-;-;-;-;-;-;-;-;-;-;306;-;-;-;-;-;1186;-;-;-;-;-;-;-;8954;-;-;-;-;-;-;-;-
Sebastião Leal (PI);-;-;-;...;-;24990;-;-;1025;-;-;130;-;-;-;...;-;-;-;-;...;-;...;-;8;-;-;-;-;-;-;-;-;-;635;-;-;-;-;-;-;-;-;-;-;-;-;-;105;-;-;-;-;-;71103;-;-;-;-;-;-;-;342713;16997;-;-;-;-;-;-;-
Sigefredo Pacheco (PI);-;-;-;...;-;-;-;-;80;-;-;-;-;-;-;...;-;-;-;-;...;-;...;-;207;-;-;-;-;-;-;-;-;-;673;-;-;-;-;-;-;-;-;-;-;-;-;-;113;-;-;-;1232;-;2622;-;-;-;-;-;-;-;-;-;-;-;-;-;-;-;-
Simões (PI);-;-;-;...;-;67;-;-;-;-;-;-;-;-;-;...;-;-;-;-;...;-;...;-;-;-;-;-;-;-;-;-;-;-;680;-;-;-;51;-;-;-;-;-;-;-;-;-;40932;110;-;-;104;-;3294;-;-;-;-;-;-;-;-;-;-;342;-;-;-;-;-
Simplício Mendes (PI);-;-;-;...;-;-;-;-;9;-;-;673;-;-;-;...;-;-;-;-;...;-;...;-;-;-;-;-;-;-;-;-;-;-;704;-;-;-;-;-;-;-;-;-;-;-;-;-;270;-;-;-;-;-;455;-;-;-;-;-;-;-;-;-;-;-;-;-;-;-;-
Socorro do Piauí (PI);-;-;-;...;-;-;-;-;20;-;-;75;-;-;-;...;-;-;-;-;...;-;...;-;18;-;-;-;-;-;-;-;-;-;100;-;-;-;-;-;-;-;-;-;-;-;-;-;42;-;-;-;-;-;476;-;-;-;-;-;-;-;-;-;-;-;-;-;-;-;-
Sussuapara (PI);-;-;-;...;-;-;-;-;-;-;-;1915;-;-;-;...;-;-;-;-;...;-;...;-;21;-;-;-;-;120;-;-;-;-;165;-;-;-;-;-;-;-;-;-;-;-;-;-;156;-;-;-;70;-;491;-;-;-;-;-;-;-;-;-;-;-;-;-;-;-;-
Tamboril do Piauí (PI);-;-;-;...;-;-;-;-;14;-;-;78;-;-;-;...;-;-;-;-;...;-;...;-;3;-;-;-;-;-;-;-;-;-;1485;-;-;-;-;-;-;-;-;-;-;-;-;-;23;-;-;-;-;-;1328;-;-;-;-;-;-;-;-;-;-;-;-;-;-;-;-
Tanque do Piauí (PI);-;-;-;...;-;-;-;-;119;-;-;-;-;-;-;...;-;-;-;-;...;-;...;-;149;-;-;-;-;-;-;-;-;846;306;-;-;-;-;-;-;-;-;-;-;-;-;-;288;-;-;-;-;-;412;-;-;-;-;-;-;-;9868;-;-;-;-;-;-;-;-
Teresina (PI);-;-;-;...;-;-;-;-;2411;-;-;798;-;-;-;...;-;-;-;-;...;32448;...;-;122;-;-;-;-;1941;-;-;-;18;581;-;-;-;158;-;-;855;-;-;-;-;-;-;990;500;-;-;788;-;1287;-;-;-;-;-;-;-;-;-;-;-;-;-;-;-;-
União (PI);-;-;-;...;-;-;-;-;1728;-;-;110;-;-;-;...;-;-;-;-;...;81383;...;-;43;-;-;-;-;46;-;-;-;18;1256;-;-;-;-;-;-;248;-;-;-;-;-;-;540;306;-;-;1000;-;1833;-;-;-;-;-;-;-;-;-;-;-;-;-;-;-;-
Uruçuí (PI);-;-;-;...;-;14044;-;-;2268;-;-;-;-;-;-;...;-;-;-;-;...;138;...;-;257;-;-;-;-;-;-;-;-;84;4950;-;-;-;-;-;-;-;-;-;-;-;-;-;315;-;-;-;302;-;294727;-;-;-;-;-;-;-;1555581;20253;-;-;-;-;-;-;-
Valença do Piauí (PI);-;-;-;...;-;-;-;-;62;-;-;4374;-;-;-;...;-;-;-;-;...;238;...;-;838;-;-;-;-;875;-;-;-;-;166;-;-;-;-;-;-;98;-;-;-;-;-;-;1534;106;1680;-;210;-;858;-;-;-;-;-;-;-;-;-;-;-;-;-;-;-;-
Várzea Branca (PI);-;-;-;...;-;-;-;-;-;-;-;-;-;-;-;...;-;-;-;-;...;-;...;-;-;-;-;-;-;-;-;-;-;-;955;-;-;-;-;-;-;-;-;-;-;-;-;-;166;-;-;-;-;-;979;-;-;-;-;-;-;-;-;-;-;-;-;-;-;-;-
Várzea Grande (PI);-;-;-;...;-;-;-;-;72;-;-;534;-;-;-;...;-;-;-;-;...;28;...;-;67;-;-;-;-;-;-;-;-;196;20;-;-;-;-;-;-;-;-;-;-;-;-;-;54;-;-;-;191;-;216;-;-;-;-;-;-;-;-;-;-;-;-;-;-;-;-
Vera Mendes (PI);-;-;-;...;-;-;-;-;-;-;-;-;-;-;-;...;-;-;-;-;...;-;...;-;26;-;-;-;-;-;-;-;-;-;575;-;-;-;-;-;-;-;-;-;-;-;-;-;364;-;-;-;-;-;58;-;-;-;-;-;-;-;-;-;-;-;-;-;-;-;-
Vila Nova do Piauí (PI);-;-;-;...;-;-;-;-;-;-;-;-;-;-;-;...;-;-;-;-;...;-;...;-;263;-;-;-;-;-;-;-;-;-;272;-;-;-;-;-;-;-;-;-;-;-;-;-;220;-;-;-;-;-;1440;-;-;-;-;-;-;-;-;-;-;-;-;-;-;-;-
Wall Ferraz (PI);-;-;-;...;-;-;-;-;2;-;-;-;-;-;-;...;-;-;-;-;...;-;...;-;26;-;-;-;-;-;-;-;-;-;626;-;-;-;-;-;-;-;-;-;-;-;-;-;406;-;-;-;-;-;154;-;-;-;-;-;-;-;-;-;-;-;-;-;-;-;-
