Município;1 - Alimentícios;1.1 - Açaí (fruto);1.2 - Castanha-de-caju;1.3 - Castanha-do-pará;1.4 - Erva-mate;1.5 - Mangaba (fruto);1.6 - Palmito;1.7 - Pequi (fruto);1.8 - Pinhão;1.9 - Umbu (fruto);1.10 - Outros;2 - Aromáticos, medicinais, tóxicos e corantes;2.1 - Ipecacuanha ou poaia (raiz);2.2 - Jaborandi (folha);2.3 - Urucum (semente);2.4 - Outros;3 - Borrachas;3.1 - Caucho;3.2 - Hevea (látex coagulado);3.3 - Hevea (látex líquido);3.4 - Mangabeira;4 - Ceras;4.1 - Carnaúba (cera);4.2 - Carnaúba (pó);4.3 - Outras;5 - Fibras;5.1 - Buriti;5.2 - Carnaúba;5.3 - Piaçava;5.4 - Outras;6 - Gomas não elásticas;6.1 - Balata;6.2 - Maçaranduba;6.3 - Sorva;7.1 - Carvão vegetal;7.2 - Lenha;7.3 - Madeira em tora;8 - Oleaginosos;8.1 - Babaçu (amêndoa);8.2 - Copaíba (óleo);8.3 - Cumaru (amêndoa);8.4 - Licuri (coquilho);8.5 - Oiticica (semente);8.6 - Pequi (amêndoa);8.7 - Tucum (amêndoa);8.8 - Outros;9.1 - Pinheiro brasileiro (nó de pinho);9.2 - Pinheiro brasileiro (árvores abatidas);9.3 - Pinheiro brasileiro (madeira em tora);10 - Tanantes;10.1 - Angico (casca);10.2 - Barbatimão (casca);10.3 - Outros
Brasil;2009552;1023115;7649;195471;522805;7950;18999;66155;76780;25409;65221;2415;169;1103;150;992;23449;-;23142;307;...;235893;14992;220348;552;29737;2853;4480;22295;109;-;-;-;-;581600;870426;3161334;117400;77647;14311;14347;2834;-;3315;459;4487;2196;-;-;84;65;14;6
Nordeste;99924;54260;7318;-;-;6698;-;3428;-;18828;9392;2016;0;1103;122;791;-;-;-;-;...;235341;14992;220348;-;13215;1568;4480;7145;22;-;-;-;-;366983;367024;138968;73049;69280;-;2;2834;-;415;455;62;-;-;-;78;64;13;0
Piauí;848;-;-;-;-;-;-;282;-;279;287;1103;-;495;-;608;-;-;-;-;...;122349;-;122349;-;-;-;-;-;-;-;-;-;-;48922;36206;4984;9142;8687;-;-;-;-;-;455;-;-;-;-;-;-;-;-
Acauã (PI);74;-;-;-;-;-;-;-;-;74;-;-;-;-;-;-;-;-;-;-;...;-;-;-;-;-;-;-;-;-;-;-;-;-;14;141;14;-;-;-;-;-;-;-;-;-;-;-;-;-;-;-;-
Agricolândia (PI);7;-;-;-;-;-;-;7;-;-;-;-;-;-;-;-;-;-;-;-;...;-;-;-;-;-;-;-;-;-;-;-;-;-;20;16;2;3;3;-;-;-;-;-;-;-;-;-;-;-;-;-;-
Água Branca (PI);-;-;-;-;-;-;-;-;-;-;-;-;-;-;-;-;-;-;-;-;...;-;-;-;-;-;-;-;-;-;-;-;-;-;18;14;-;2;2;-;-;-;-;-;-;-;-;-;-;-;-;-;-
Alagoinha do Piauí (PI);-;-;-;-;-;-;-;-;-;-;-;-;-;-;-;-;-;-;-;-;...;-;-;-;-;-;-;-;-;-;-;-;-;-;3;702;4;-;-;-;-;-;-;-;-;-;-;-;-;-;-;-;-
Alegrete do Piauí (PI);-;-;-;-;-;-;-;-;-;-;-;-;-;-;-;-;-;-;-;-;...;-;-;-;-;-;-;-;-;-;-;-;-;-;1;373;2;-;-;-;-;-;-;-;-;-;-;-;-;-;-;-;-
Alto Longá (PI);-;-;-;-;-;-;-;-;-;-;-;-;-;-;-;-;-;-;-;-;...;1289;-;1289;-;-;-;-;-;-;-;-;-;-;93;164;41;20;20;-;-;-;-;-;-;-;-;-;-;-;-;-;-
Altos (PI);-;-;-;-;-;-;-;-;-;-;-;-;-;-;-;-;-;-;-;-;...;975;-;975;-;-;-;-;-;-;-;-;-;-;410;39;36;302;298;-;-;-;-;-;4;-;-;-;-;-;-;-;-
Alvorada do Gurguéia (PI);3;-;-;-;-;-;-;0;-;-;2;-;-;-;-;-;-;-;-;-;...;-;-;-;-;-;-;-;-;-;-;-;-;-;12;97;8;4;4;-;-;-;-;-;-;-;-;-;-;-;-;-;-
Amarante (PI);13;-;-;-;-;-;-;13;-;-;-;-;-;-;-;-;-;-;-;-;...;212;-;212;-;-;-;-;-;-;-;-;-;-;51;35;6;4;4;-;-;-;-;-;-;-;-;-;-;-;-;-;-
Angical do Piauí (PI);-;-;-;-;-;-;-;-;-;-;-;-;-;-;-;-;-;-;-;-;...;-;-;-;-;-;-;-;-;-;-;-;-;-;41;36;-;8;8;-;-;-;-;-;-;-;-;-;-;-;-;-;-
Anísio de Abreu (PI);10;-;-;-;-;-;-;-;-;10;-;-;-;-;-;-;-;-;-;-;...;-;-;-;-;-;-;-;-;-;-;-;-;-;18;188;10;-;-;-;-;-;-;-;-;-;-;-;-;-;-;-;-
Antônio Almeida (PI);-;-;-;-;-;-;-;-;-;-;-;-;-;-;-;-;-;-;-;-;...;-;-;-;-;-;-;-;-;-;-;-;-;-;5;82;3;8;8;-;-;-;-;-;-;-;-;-;-;-;-;-;-
Aroazes (PI);-;-;-;-;-;-;-;-;-;-;-;-;-;-;-;-;-;-;-;-;...;227;-;227;-;-;-;-;-;-;-;-;-;-;21;44;8;-;-;-;-;-;-;-;-;-;-;-;-;-;-;-;-
Aroeiras do Itaim (PI);-;-;-;-;-;-;-;-;-;-;-;-;-;-;-;-;-;-;-;-;...;540;-;540;-;-;-;-;-;-;-;-;-;-;1;25;5;-;-;-;-;-;-;-;-;-;-;-;-;-;-;-;-
Arraial (PI);-;-;-;-;-;-;-;-;-;-;-;-;-;-;-;-;-;-;-;-;...;77;-;77;-;-;-;-;-;-;-;-;-;-;14;22;3;1;1;-;-;-;-;-;-;-;-;-;-;-;-;-;-
Assunção do Piauí (PI);-;-;-;-;-;-;-;-;-;-;-;-;-;-;-;-;-;-;-;-;...;154;-;154;-;-;-;-;-;-;-;-;-;-;38;397;-;-;-;-;-;-;-;-;-;-;-;-;-;-;-;-;-
Avelino Lopes (PI);-;-;-;-;-;-;-;-;-;-;-;-;-;-;-;-;-;-;-;-;...;-;-;-;-;-;-;-;-;-;-;-;-;-;107;236;117;-;-;-;-;-;-;-;-;-;-;-;-;-;-;-;-
Baixa Grande do Ribeiro (PI);1;-;-;-;-;-;-;1;-;-;-;-;-;-;-;-;-;-;-;-;...;-;-;-;-;-;-;-;-;-;-;-;-;-;52;574;8;-;-;-;-;-;-;-;-;-;-;-;-;-;-;-;-
Barra D'Alcântara (PI);-;-;-;-;-;-;-;-;-;-;-;-;-;-;-;-;-;-;-;-;...;163;-;163;-;-;-;-;-;-;-;-;-;-;21;23;5;6;6;-;-;-;-;-;-;-;-;-;-;-;-;-;-
Barras (PI);3;-;-;-;-;-;-;3;-;-;-;-;-;-;-;-;-;-;-;-;...;1285;-;1285;-;-;-;-;-;-;-;-;-;-;667;165;56;1052;1025;-;-;-;-;-;27;-;-;-;-;-;-;-;-
Barreiras do Piauí (PI);-;-;-;-;-;-;-;-;-;-;-;-;-;-;-;-;-;-;-;-;...;-;-;-;-;-;-;-;-;-;-;-;-;-;24;43;20;-;-;-;-;-;-;-;-;-;-;-;-;-;-;-;-
Barro Duro (PI);-;-;-;-;-;-;-;-;-;-;-;-;-;-;-;-;-;-;-;-;...;-;-;-;-;-;-;-;-;-;-;-;-;-;40;16;6;14;14;-;-;-;-;-;-;-;-;-;-;-;-;-;-
Batalha (PI);25;-;-;-;-;-;-;25;-;-;-;-;-;-;-;-;-;-;-;-;...;2974;-;2974;-;-;-;-;-;-;-;-;-;-;91;418;155;142;128;-;-;-;-;-;13;-;-;-;-;-;-;-;-
Bela Vista do Piauí (PI);-;-;-;-;-;-;-;-;-;-;-;-;-;-;-;-;-;-;-;-;...;-;-;-;-;-;-;-;-;-;-;-;-;-;-;125;2;-;-;-;-;-;-;-;-;-;-;-;-;-;-;-;-
Belém do Piauí (PI);-;-;-;-;-;-;-;-;-;-;-;-;-;-;-;-;-;-;-;-;...;-;-;-;-;-;-;-;-;-;-;-;-;-;2;43;-;-;-;-;-;-;-;-;-;-;-;-;-;-;-;-;-
Beneditinos (PI);-;-;-;-;-;-;-;-;-;-;-;-;-;-;-;-;-;-;-;-;...;805;-;805;-;-;-;-;-;-;-;-;-;-;94;144;26;3;3;-;-;-;-;-;-;-;-;-;-;-;-;-;-
Bertolínia (PI);-;-;-;-;-;-;-;-;-;-;-;26;-;-;-;26;-;-;-;-;...;-;-;-;-;-;-;-;-;-;-;-;-;-;9;32;7;7;7;-;-;-;-;-;-;-;-;-;-;-;-;-;-
Betânia do Piauí (PI);1;-;-;-;-;-;-;-;-;1;-;-;-;-;-;-;-;-;-;-;...;-;-;-;-;-;-;-;-;-;-;-;-;-;-;299;16;-;-;-;-;-;-;-;-;-;-;-;-;-;-;-;-
Boa Hora (PI);142;-;-;-;-;-;-;110;-;-;32;-;-;-;-;-;-;-;-;-;...;53;-;53;-;-;-;-;-;-;-;-;-;-;107;164;10;1;-;-;-;-;-;-;1;-;-;-;-;-;-;-;-
Bocaina (PI);-;-;-;-;-;-;-;-;-;-;-;-;-;-;-;-;-;-;-;-;...;-;-;-;-;-;-;-;-;-;-;-;-;-;2;50;28;-;-;-;-;-;-;-;-;-;-;-;-;-;-;-;-
Bom Jesus (PI);18;-;-;-;-;-;-;0;-;-;18;-;-;-;-;-;-;-;-;-;...;-;-;-;-;-;-;-;-;-;-;-;-;-;141;348;19;-;-;-;-;-;-;-;-;-;-;-;-;-;-;-;-
Bom Princípio do Piauí (PI);-;-;-;-;-;-;-;-;-;-;-;-;-;-;-;-;-;-;-;-;...;48;-;48;-;-;-;-;-;-;-;-;-;-;325;216;-;-;-;-;-;-;-;-;-;-;-;-;-;-;-;-;-
Bonfim do Piauí (PI);9;-;-;-;-;-;-;-;-;9;-;-;-;-;-;-;-;-;-;-;...;-;-;-;-;-;-;-;-;-;-;-;-;-;28;17;2;-;-;-;-;-;-;-;-;-;-;-;-;-;-;-;-
Boqueirão do Piauí (PI);-;-;-;-;-;-;-;-;-;-;-;-;-;-;-;-;-;-;-;-;...;861;-;861;-;-;-;-;-;-;-;-;-;-;120;37;-;31;21;-;-;-;-;-;10;-;-;-;-;-;-;-;-
Brasileira (PI);1;-;-;-;-;-;-;1;-;-;-;-;-;-;-;-;-;-;-;-;...;487;-;487;-;-;-;-;-;-;-;-;-;-;68;606;-;-;-;-;-;-;-;-;-;-;-;-;-;-;-;-;-
Brejo do Piauí (PI);8;-;-;-;-;-;-;-;-;-;8;-;-;-;-;-;-;-;-;-;...;79;-;79;-;-;-;-;-;-;-;-;-;-;3;97;7;-;-;-;-;-;-;-;-;-;-;-;-;-;-;-;-
Buriti dos Lopes (PI);-;-;-;-;-;-;-;-;-;-;-;-;-;-;-;-;-;-;-;-;...;3228;-;3228;-;-;-;-;-;-;-;-;-;-;65;163;43;-;-;-;-;-;-;-;-;-;-;-;-;-;-;-;-
Buriti dos Montes (PI);-;-;-;-;-;-;-;-;-;-;-;-;-;-;-;-;-;-;-;-;...;1511;-;1511;-;-;-;-;-;-;-;-;-;-;98;24;-;-;-;-;-;-;-;-;-;-;-;-;-;-;-;-;-
Cabeceiras do Piauí (PI);-;-;-;-;-;-;-;-;-;-;-;-;-;-;-;-;-;-;-;-;...;855;-;855;-;-;-;-;-;-;-;-;-;-;278;58;37;180;150;-;-;-;-;-;30;-;-;-;-;-;-;-;-
Cajazeiras do Piauí (PI);-;-;-;-;-;-;-;-;-;-;-;-;-;-;-;-;-;-;-;-;...;-;-;-;-;-;-;-;-;-;-;-;-;-;22;75;5;-;-;-;-;-;-;-;-;-;-;-;-;-;-;-;-
Cajueiro da Praia (PI);-;-;-;-;-;-;-;-;-;-;-;-;-;-;-;-;-;-;-;-;...;200;-;200;-;-;-;-;-;-;-;-;-;-;160;47;-;-;-;-;-;-;-;-;-;-;-;-;-;-;-;-;-
Caldeirão Grande do Piauí (PI);-;-;-;-;-;-;-;-;-;-;-;-;-;-;-;-;-;-;-;-;...;-;-;-;-;-;-;-;-;-;-;-;-;-;8;83;19;-;-;-;-;-;-;-;-;-;-;-;-;-;-;-;-
Campinas do Piauí (PI);-;-;-;-;-;-;-;-;-;-;-;-;-;-;-;-;-;-;-;-;...;1001;-;1001;-;-;-;-;-;-;-;-;-;-;63;125;-;-;-;-;-;-;-;-;-;-;-;-;-;-;-;-;-
Campo Alegre do Fidalgo (PI);15;-;-;-;-;-;-;-;-;15;-;-;-;-;-;-;-;-;-;-;...;-;-;-;-;-;-;-;-;-;-;-;-;-;-;257;10;2;2;-;-;-;-;-;-;-;-;-;-;-;-;-;-
Campo Grande do Piauí (PI);-;-;-;-;-;-;-;-;-;-;-;-;-;-;-;-;-;-;-;-;...;-;-;-;-;-;-;-;-;-;-;-;-;-;4;33;-;-;-;-;-;-;-;-;-;-;-;-;-;-;-;-;-
Campo Largo do Piauí (PI);-;-;-;-;-;-;-;-;-;-;-;-;-;-;-;-;-;-;-;-;...;129;-;129;-;-;-;-;-;-;-;-;-;-;173;8;16;516;516;-;-;-;-;-;-;-;-;-;-;-;-;-;-
Campo Maior (PI);-;-;-;-;-;-;-;-;-;-;-;32;-;32;-;-;-;-;-;-;...;4738;-;4738;-;-;-;-;-;-;-;-;-;-;337;173;15;30;-;-;-;-;-;-;30;-;-;-;-;-;-;-;-
Canavieira (PI);-;-;-;-;-;-;-;-;-;-;-;-;-;-;-;-;-;-;-;-;...;184;-;184;-;-;-;-;-;-;-;-;-;-;5;62;7;3;3;-;-;-;-;-;-;-;-;-;-;-;-;-;-
Canto do Buriti (PI);-;-;-;-;-;-;-;-;-;-;-;-;-;-;-;-;-;-;-;-;...;-;-;-;-;-;-;-;-;-;-;-;-;-;14;241;24;-;-;-;-;-;-;-;-;-;-;-;-;-;-;-;-
Capitão de Campos (PI);1;-;-;-;-;-;-;1;-;-;0;-;-;-;-;-;-;-;-;-;...;310;-;310;-;-;-;-;-;-;-;-;-;-;215;96;-;2;2;-;-;-;-;-;-;-;-;-;-;-;-;-;-
Capitão Gervásio Oliveira (PI);5;-;-;-;-;-;-;-;-;5;-;-;-;-;-;-;-;-;-;-;...;-;-;-;-;-;-;-;-;-;-;-;-;-;12;180;27;-;-;-;-;-;-;-;-;-;-;-;-;-;-;-;-
Caracol (PI);-;-;-;-;-;-;-;-;-;-;-;-;-;-;-;-;-;-;-;-;...;-;-;-;-;-;-;-;-;-;-;-;-;-;5;71;4;-;-;-;-;-;-;-;-;-;-;-;-;-;-;-;-
Caraúbas do Piauí (PI);-;-;-;-;-;-;-;-;-;-;-;-;-;-;-;-;-;-;-;-;...;1080;-;1080;-;-;-;-;-;-;-;-;-;-;56;64;9;-;-;-;-;-;-;-;-;-;-;-;-;-;-;-;-
Caridade do Piauí (PI);-;-;-;-;-;-;-;-;-;-;-;-;-;-;-;-;-;-;-;-;...;-;-;-;-;-;-;-;-;-;-;-;-;-;23;202;41;-;-;-;-;-;-;-;-;-;-;-;-;-;-;-;-
Castelo do Piauí (PI);1;-;-;-;-;-;-;-;-;-;1;-;-;-;-;-;-;-;-;-;...;3956;-;3956;-;-;-;-;-;-;-;-;-;-;404;169;17;3;3;-;-;-;-;-;-;-;-;-;-;-;-;-;-
Caxingó (PI);-;-;-;-;-;-;-;-;-;-;-;-;-;-;-;-;-;-;-;-;...;462;-;462;-;-;-;-;-;-;-;-;-;-;42;40;44;-;-;-;-;-;-;-;-;-;-;-;-;-;-;-;-
Cocal (PI);-;-;-;-;-;-;-;-;-;-;-;-;-;-;-;-;-;-;-;-;...;2524;-;2524;-;-;-;-;-;-;-;-;-;-;658;381;140;191;25;-;-;-;-;-;165;-;-;-;-;-;-;-;-
Cocal de Telha (PI);-;-;-;-;-;-;-;-;-;-;-;-;-;-;-;-;-;-;-;-;...;558;-;558;-;-;-;-;-;-;-;-;-;-;16;80;-;27;22;-;-;-;-;-;5;-;-;-;-;-;-;-;-
Cocal dos Alves (PI);-;-;-;-;-;-;-;-;-;-;-;-;-;-;-;-;-;-;-;-;...;272;-;272;-;-;-;-;-;-;-;-;-;-;44;167;-;137;6;-;-;-;-;-;130;-;-;-;-;-;-;-;-
Coivaras (PI);-;-;-;-;-;-;-;-;-;-;-;-;-;-;-;-;-;-;-;-;...;1021;-;1021;-;-;-;-;-;-;-;-;-;-;47;48;-;-;-;-;-;-;-;-;-;-;-;-;-;-;-;-;-
Colônia do Gurguéia (PI);-;-;-;-;-;-;-;-;-;-;-;-;-;-;-;-;-;-;-;-;...;-;-;-;-;-;-;-;-;-;-;-;-;-;1;21;7;-;-;-;-;-;-;-;-;-;-;-;-;-;-;-;-
Colônia do Piauí (PI);16;-;-;-;-;-;-;-;-;16;-;-;-;-;-;-;-;-;-;-;...;-;-;-;-;-;-;-;-;-;-;-;-;-;32;235;18;-;-;-;-;-;-;-;-;-;-;-;-;-;-;-;-
Conceição do Canindé (PI);-;-;-;-;-;-;-;-;-;-;-;-;-;-;-;-;-;-;-;-;...;962;-;962;-;-;-;-;-;-;-;-;-;-;-;115;36;-;-;-;-;-;-;-;-;-;-;-;-;-;-;-;-
Coronel José Dias (PI);4;-;-;-;-;-;-;-;-;4;-;-;-;-;-;-;-;-;-;-;...;-;-;-;-;-;-;-;-;-;-;-;-;-;3;155;17;-;-;-;-;-;-;-;-;-;-;-;-;-;-;-;-
Corrente (PI);0;-;-;-;-;-;-;0;-;-;-;-;-;-;-;-;-;-;-;-;...;-;-;-;-;-;-;-;-;-;-;-;-;-;7754;611;240;-;-;-;-;-;-;-;-;-;-;-;-;-;-;-;-
Cristalândia do Piauí (PI);-;-;-;-;-;-;-;-;-;-;-;-;-;-;-;-;-;-;-;-;...;-;-;-;-;-;-;-;-;-;-;-;-;-;21;175;42;-;-;-;-;-;-;-;-;-;-;-;-;-;-;-;-
Cristino Castro (PI);2;-;-;-;-;-;-;-;-;-;2;-;-;-;-;-;-;-;-;-;...;-;-;-;-;-;-;-;-;-;-;-;-;-;2615;1234;39;46;46;-;-;-;-;-;-;-;-;-;-;-;-;-;-
Curimatá (PI);-;-;-;-;-;-;-;-;-;-;-;-;-;-;-;-;-;-;-;-;...;-;-;-;-;-;-;-;-;-;-;-;-;-;111;455;64;-;-;-;-;-;-;-;-;-;-;-;-;-;-;-;-
Currais (PI);25;-;-;-;-;-;-;-;-;-;25;-;-;-;-;-;-;-;-;-;...;-;-;-;-;-;-;-;-;-;-;-;-;-;1;218;29;19;19;-;-;-;-;-;-;-;-;-;-;-;-;-;-
Curralinhos (PI);-;-;-;-;-;-;-;-;-;-;-;-;-;-;-;-;-;-;-;-;...;-;-;-;-;-;-;-;-;-;-;-;-;-;50;61;-;94;94;-;-;-;-;-;-;-;-;-;-;-;-;-;-
Curral Novo do Piauí (PI);-;-;-;-;-;-;-;-;-;-;-;-;-;-;-;-;-;-;-;-;...;-;-;-;-;-;-;-;-;-;-;-;-;-;5;79;-;-;-;-;-;-;-;-;-;-;-;-;-;-;-;-;-
Demerval Lobão (PI);-;-;-;-;-;-;-;-;-;-;-;-;-;-;-;-;-;-;-;-;...;-;-;-;-;-;-;-;-;-;-;-;-;-;317;24;-;31;31;-;-;-;-;-;-;-;-;-;-;-;-;-;-
Dirceu Arcoverde (PI);8;-;-;-;-;-;-;-;-;8;-;-;-;-;-;-;-;-;-;-;...;-;-;-;-;-;-;-;-;-;-;-;-;-;6;51;8;-;-;-;-;-;-;-;-;-;-;-;-;-;-;-;-
Dom Expedito Lopes (PI);30;-;-;-;-;-;-;-;-;-;30;-;-;-;-;-;-;-;-;-;...;-;-;-;-;-;-;-;-;-;-;-;-;-;2;20;-;-;-;-;-;-;-;-;-;-;-;-;-;-;-;-;-
Domingos Mourão (PI);-;-;-;-;-;-;-;-;-;-;-;-;-;-;-;-;-;-;-;-;...;2581;-;2581;-;-;-;-;-;-;-;-;-;-;12;168;32;1;1;-;-;-;-;-;-;-;-;-;-;-;-;-;-
Dom Inocêncio (PI);-;-;-;-;-;-;-;-;-;-;-;-;-;-;-;-;-;-;-;-;...;-;-;-;-;-;-;-;-;-;-;-;-;-;6;115;51;-;-;-;-;-;-;-;-;-;-;-;-;-;-;-;-
Elesbão Veloso (PI);-;-;-;-;-;-;-;-;-;-;-;-;-;-;-;-;-;-;-;-;...;305;-;305;-;-;-;-;-;-;-;-;-;-;175;264;37;1;1;-;-;-;-;-;-;-;-;-;-;-;-;-;-
Eliseu Martins (PI);-;-;-;-;-;-;-;-;-;-;-;-;-;-;-;-;-;-;-;-;...;-;-;-;-;-;-;-;-;-;-;-;-;-;3;15;12;-;-;-;-;-;-;-;-;-;-;-;-;-;-;-;-
Esperantina (PI);-;-;-;-;-;-;-;-;-;-;-;-;-;-;-;-;-;-;-;-;...;2879;-;2879;-;-;-;-;-;-;-;-;-;-;179;66;32;367;361;-;-;-;-;-;6;-;-;-;-;-;-;-;-
Fartura do Piauí (PI);-;-;-;-;-;-;-;-;-;-;-;-;-;-;-;-;-;-;-;-;...;-;-;-;-;-;-;-;-;-;-;-;-;-;37;82;4;-;-;-;-;-;-;-;-;-;-;-;-;-;-;-;-
Flores do Piauí (PI);-;-;-;-;-;-;-;-;-;-;-;-;-;-;-;-;-;-;-;-;...;-;-;-;-;-;-;-;-;-;-;-;-;-;45;68;87;-;-;-;-;-;-;-;-;-;-;-;-;-;-;-;-
Floresta do Piauí (PI);-;-;-;-;-;-;-;-;-;-;-;-;-;-;-;-;-;-;-;-;...;590;-;590;-;-;-;-;-;-;-;-;-;-;30;72;-;-;-;-;-;-;-;-;-;-;-;-;-;-;-;-;-
Floriano (PI);-;-;-;-;-;-;-;-;-;-;-;137;-;-;-;137;-;-;-;-;...;4804;-;4804;-;-;-;-;-;-;-;-;-;-;114;169;14;-;-;-;-;-;-;-;-;-;-;-;-;-;-;-;-
Francinópolis (PI);-;-;-;-;-;-;-;-;-;-;-;-;-;-;-;-;-;-;-;-;...;-;-;-;-;-;-;-;-;-;-;-;-;-;22;30;3;3;3;-;-;-;-;-;-;-;-;-;-;-;-;-;-
Francisco Ayres (PI);-;-;-;-;-;-;-;-;-;-;-;-;-;-;-;-;-;-;-;-;...;184;-;184;-;-;-;-;-;-;-;-;-;-;15;93;3;-;-;-;-;-;-;-;-;-;-;-;-;-;-;-;-
Francisco Macedo (PI);-;-;-;-;-;-;-;-;-;-;-;-;-;-;-;-;-;-;-;-;...;-;-;-;-;-;-;-;-;-;-;-;-;-;11;49;-;-;-;-;-;-;-;-;-;-;-;-;-;-;-;-;-
Francisco Santos (PI);-;-;-;-;-;-;-;-;-;-;-;-;-;-;-;-;-;-;-;-;...;18;-;18;-;-;-;-;-;-;-;-;-;-;3;40;-;-;-;-;-;-;-;-;-;-;-;-;-;-;-;-;-
Fronteiras (PI);-;-;-;-;-;-;-;-;-;-;-;-;-;-;-;-;-;-;-;-;...;-;-;-;-;-;-;-;-;-;-;-;-;-;7;71;36;-;-;-;-;-;-;-;-;-;-;-;-;-;-;-;-
Geminiano (PI);-;-;-;-;-;-;-;-;-;-;-;-;-;-;-;-;-;-;-;-;...;30;-;30;-;-;-;-;-;-;-;-;-;-;4;162;25;-;-;-;-;-;-;-;-;-;-;-;-;-;-;-;-
Gilbués (PI);-;-;-;-;-;-;-;-;-;-;-;-;-;-;-;-;-;-;-;-;...;-;-;-;-;-;-;-;-;-;-;-;-;-;349;450;84;34;34;-;-;-;-;-;-;-;-;-;-;-;-;-;-
Guadalupe (PI);-;-;-;-;-;-;-;-;-;-;-;17;-;-;-;17;-;-;-;-;...;101;-;101;-;-;-;-;-;-;-;-;-;-;27;94;13;-;-;-;-;-;-;-;-;-;-;-;-;-;-;-;-
Guaribas (PI);-;-;-;-;-;-;-;-;-;-;-;-;-;-;-;-;-;-;-;-;...;-;-;-;-;-;-;-;-;-;-;-;-;-;4;64;52;-;-;-;-;-;-;-;-;-;-;-;-;-;-;-;-
Hugo Napoleão (PI);-;-;-;-;-;-;-;-;-;-;-;-;-;-;-;-;-;-;-;-;...;-;-;-;-;-;-;-;-;-;-;-;-;-;36;25;4;1;1;-;-;-;-;-;-;-;-;-;-;-;-;-;-
Ilha Grande (PI);-;-;-;-;-;-;-;-;-;-;-;-;-;-;-;-;-;-;-;-;...;1456;-;1456;-;-;-;-;-;-;-;-;-;-;65;5;-;-;-;-;-;-;-;-;-;-;-;-;-;-;-;-;-
Inhuma (PI);79;-;-;-;-;-;-;19;-;2;57;-;-;-;-;-;-;-;-;-;...;-;-;-;-;-;-;-;-;-;-;-;-;-;23;139;25;1;1;-;-;-;-;-;-;-;-;-;-;-;-;-;-
Ipiranga do Piauí (PI);11;-;-;-;-;-;-;4;-;-;7;-;-;-;-;-;-;-;-;-;...;-;-;-;-;-;-;-;-;-;-;-;-;-;18;80;8;-;-;-;-;-;-;-;-;-;-;-;-;-;-;-;-
Isaías Coelho (PI);-;-;-;-;-;-;-;-;-;-;-;-;-;-;-;-;-;-;-;-;...;161;-;161;-;-;-;-;-;-;-;-;-;-;10;105;7;-;-;-;-;-;-;-;-;-;-;-;-;-;-;-;-
Itainópolis (PI);-;-;-;-;-;-;-;-;-;-;-;-;-;-;-;-;-;-;-;-;...;1987;-;1987;-;-;-;-;-;-;-;-;-;-;10;175;-;-;-;-;-;-;-;-;-;-;-;-;-;-;-;-;-
Itaueira (PI);-;-;-;-;-;-;-;-;-;-;-;17;-;-;-;17;-;-;-;-;...;414;-;414;-;-;-;-;-;-;-;-;-;-;61;86;53;-;-;-;-;-;-;-;-;-;-;-;-;-;-;-;-
Jacobina do Piauí (PI);-;-;-;-;-;-;-;-;-;-;-;-;-;-;-;-;-;-;-;-;...;-;-;-;-;-;-;-;-;-;-;-;-;-;3;209;18;-;-;-;-;-;-;-;-;-;-;-;-;-;-;-;-
Jaicós (PI);-;-;-;-;-;-;-;-;-;-;-;-;-;-;-;-;-;-;-;-;...;62;-;62;-;-;-;-;-;-;-;-;-;-;27;189;4;-;-;-;-;-;-;-;-;-;-;-;-;-;-;-;-
Jardim do Mulato (PI);-;-;-;-;-;-;-;-;-;-;-;-;-;-;-;-;-;-;-;-;...;-;-;-;-;-;-;-;-;-;-;-;-;-;7;54;-;4;4;-;-;-;-;-;-;-;-;-;-;-;-;-;-
Jatobá do Piauí (PI);-;-;-;-;-;-;-;-;-;-;-;-;-;-;-;-;-;-;-;-;...;307;-;307;-;-;-;-;-;-;-;-;-;-;57;117;15;1;-;-;-;-;-;-;1;-;-;-;-;-;-;-;-
Jerumenha (PI);-;-;-;-;-;-;-;-;-;-;-;121;-;-;-;121;-;-;-;-;...;101;-;101;-;-;-;-;-;-;-;-;-;-;469;828;13;2;2;-;-;-;-;-;-;-;-;-;-;-;-;-;-
João Costa (PI);-;-;-;-;-;-;-;-;-;-;-;-;-;-;-;-;-;-;-;-;...;-;-;-;-;-;-;-;-;-;-;-;-;-;42;171;12;-;-;-;-;-;-;-;-;-;-;-;-;-;-;-;-
Joaquim Pires (PI);-;-;-;-;-;-;-;-;-;-;-;-;-;-;-;-;-;-;-;-;...;1492;-;1492;-;-;-;-;-;-;-;-;-;-;66;64;61;-;-;-;-;-;-;-;-;-;-;-;-;-;-;-;-
Joca Marques (PI);-;-;-;-;-;-;-;-;-;-;-;-;-;-;-;-;-;-;-;-;...;53;-;53;-;-;-;-;-;-;-;-;-;-;9;60;9;145;144;-;-;-;-;-;0;-;-;-;-;-;-;-;-
José de Freitas (PI);-;-;-;-;-;-;-;-;-;-;-;-;-;-;-;-;-;-;-;-;...;1130;-;1130;-;-;-;-;-;-;-;-;-;-;274;354;31;188;178;-;-;-;-;-;10;-;-;-;-;-;-;-;-
Juazeiro do Piauí (PI);-;-;-;-;-;-;-;-;-;-;-;-;-;-;-;-;-;-;-;-;...;3096;-;3096;-;-;-;-;-;-;-;-;-;-;343;105;12;-;-;-;-;-;-;-;-;-;-;-;-;-;-;-;-
Júlio Borges (PI);-;-;-;-;-;-;-;-;-;-;-;-;-;-;-;-;-;-;-;-;...;-;-;-;-;-;-;-;-;-;-;-;-;-;46;131;68;-;-;-;-;-;-;-;-;-;-;-;-;-;-;-;-
Jurema (PI);3;-;-;-;-;-;-;-;-;3;-;-;-;-;-;-;-;-;-;-;...;-;-;-;-;-;-;-;-;-;-;-;-;-;16;91;5;-;-;-;-;-;-;-;-;-;-;-;-;-;-;-;-
Lagoinha do Piauí (PI);16;-;-;-;-;-;-;16;-;-;-;-;-;-;-;-;-;-;-;-;...;-;-;-;-;-;-;-;-;-;-;-;-;-;15;6;-;1;1;-;-;-;-;-;-;-;-;-;-;-;-;-;-
Lagoa Alegre (PI);-;-;-;-;-;-;-;-;-;-;-;-;-;-;-;-;-;-;-;-;...;2481;-;2481;-;-;-;-;-;-;-;-;-;-;181;26;3;235;234;-;-;-;-;-;1;-;-;-;-;-;-;-;-
Lagoa do Barro do Piauí (PI);6;-;-;-;-;-;-;-;-;6;-;-;-;-;-;-;-;-;-;-;...;-;-;-;-;-;-;-;-;-;-;-;-;-;-;204;6;-;-;-;-;-;-;-;-;-;-;-;-;-;-;-;-
Lagoa de São Francisco (PI);-;-;-;-;-;-;-;-;-;-;-;-;-;-;-;-;-;-;-;-;...;380;-;380;-;-;-;-;-;-;-;-;-;-;148;336;27;26;26;-;-;-;-;-;-;-;-;-;-;-;-;-;-
Lagoa do Piauí (PI);33;-;-;-;-;-;-;33;-;-;-;-;-;-;-;-;-;-;-;-;...;18;-;18;-;-;-;-;-;-;-;-;-;-;66;24;18;15;15;-;-;-;-;-;-;-;-;-;-;-;-;-;-
Lagoa do Sítio (PI);-;-;-;-;-;-;-;-;-;-;-;-;-;-;-;-;-;-;-;-;...;-;-;-;-;-;-;-;-;-;-;-;-;-;40;102;33;-;-;-;-;-;-;-;-;-;-;-;-;-;-;-;-
Landri Sales (PI);-;-;-;-;-;-;-;-;-;-;-;69;-;-;-;69;-;-;-;-;...;-;-;-;-;-;-;-;-;-;-;-;-;-;7;63;20;1;1;-;-;-;-;-;-;-;-;-;-;-;-;-;-
Luís Correia (PI);-;-;-;-;-;-;-;-;-;-;-;-;-;-;-;-;-;-;-;-;...;3775;-;3775;-;-;-;-;-;-;-;-;-;-;279;124;-;-;-;-;-;-;-;-;-;-;-;-;-;-;-;-;-
Luzilândia (PI);-;-;-;-;-;-;-;-;-;-;-;271;-;271;-;-;-;-;-;-;...;1691;-;1691;-;-;-;-;-;-;-;-;-;-;91;66;134;426;423;-;-;-;-;-;2;-;-;-;-;-;-;-;-
Madeiro (PI);-;-;-;-;-;-;-;-;-;-;-;-;-;-;-;-;-;-;-;-;...;79;-;79;-;-;-;-;-;-;-;-;-;-;49;61;17;128;128;-;-;-;-;-;-;-;-;-;-;-;-;-;-
Manoel Emídio (PI);6;-;-;-;-;-;-;-;-;-;6;-;-;-;-;-;-;-;-;-;...;-;-;-;-;-;-;-;-;-;-;-;-;-;49;30;-;17;17;-;-;-;-;-;-;-;-;-;-;-;-;-;-
Marcolândia (PI);57;-;-;-;-;-;-;-;-;57;-;-;-;-;-;-;-;-;-;-;...;-;-;-;-;-;-;-;-;-;-;-;-;-;17;39;-;-;-;-;-;-;-;-;-;-;-;-;-;-;-;-;-
Marcos Parente (PI);-;-;-;-;-;-;-;-;-;-;-;166;-;-;-;166;-;-;-;-;...;-;-;-;-;-;-;-;-;-;-;-;-;-;33;86;6;2;2;-;-;-;-;-;-;-;-;-;-;-;-;-;-
Massapê do Piauí (PI);-;-;-;-;-;-;-;-;-;-;-;-;-;-;-;-;-;-;-;-;...;691;-;691;-;-;-;-;-;-;-;-;-;-;3;131;-;-;-;-;-;-;-;-;-;-;-;-;-;-;-;-;-
Matias Olímpio (PI);-;-;-;-;-;-;-;-;-;-;-;124;-;124;-;-;-;-;-;-;...;3594;-;3594;-;-;-;-;-;-;-;-;-;-;92;10;12;247;247;-;-;-;-;-;-;-;-;-;-;-;-;-;-
Miguel Alves (PI);-;-;-;-;-;-;-;-;-;-;-;-;-;-;-;-;-;-;-;-;...;347;-;347;-;-;-;-;-;-;-;-;-;-;700;41;18;844;840;-;-;-;-;-;4;-;-;-;-;-;-;-;-
Miguel Leão (PI);-;-;-;-;-;-;-;-;-;-;-;-;-;-;-;-;-;-;-;-;...;-;-;-;-;-;-;-;-;-;-;-;-;-;33;9;-;20;20;-;-;-;-;-;-;-;-;-;-;-;-;-;-
Milton Brandão (PI);1;-;-;-;-;-;-;1;-;-;-;-;-;-;-;-;-;-;-;-;...;462;-;462;-;-;-;-;-;-;-;-;-;-;155;110;19;-;-;-;-;-;-;-;-;-;-;-;-;-;-;-;-
Monsenhor Gil (PI);2;-;-;-;-;-;-;-;-;-;2;-;-;-;-;-;-;-;-;-;...;105;-;105;-;-;-;-;-;-;-;-;-;-;185;72;3;38;38;-;-;-;-;-;-;-;-;-;-;-;-;-;-
Monsenhor Hipólito (PI);-;-;-;-;-;-;-;-;-;-;-;-;-;-;-;-;-;-;-;-;...;228;-;228;-;-;-;-;-;-;-;-;-;-;11;399;-;-;-;-;-;-;-;-;-;-;-;-;-;-;-;-;-
Monte Alegre do Piauí (PI);-;-;-;-;-;-;-;-;-;-;-;-;-;-;-;-;-;-;-;-;...;-;-;-;-;-;-;-;-;-;-;-;-;-;85;486;11;-;-;-;-;-;-;-;-;-;-;-;-;-;-;-;-
Morro Cabeça no Tempo (PI);-;-;-;-;-;-;-;-;-;-;-;-;-;-;-;-;-;-;-;-;...;-;-;-;-;-;-;-;-;-;-;-;-;-;53;20;77;-;-;-;-;-;-;-;-;-;-;-;-;-;-;-;-
Morro do Chapéu do Piauí (PI);-;-;-;-;-;-;-;-;-;-;-;-;-;-;-;-;-;-;-;-;...;949;-;949;-;-;-;-;-;-;-;-;-;-;27;46;43;172;172;-;-;-;-;-;-;-;-;-;-;-;-;-;-
Murici dos Portelas (PI);-;-;-;-;-;-;-;-;-;-;-;-;-;-;-;-;-;-;-;-;...;165;-;165;-;-;-;-;-;-;-;-;-;-;70;23;29;-;-;-;-;-;-;-;-;-;-;-;-;-;-;-;-
Nazaré do Piauí (PI);-;-;-;-;-;-;-;-;-;-;-;-;-;-;-;-;-;-;-;-;...;388;-;388;-;-;-;-;-;-;-;-;-;-;7781;823;21;-;-;-;-;-;-;-;-;-;-;-;-;-;-;-;-
Nazária (PI);-;-;-;-;-;-;-;-;-;-;-;-;-;-;-;-;-;-;-;-;...;125;-;125;-;-;-;-;-;-;-;-;-;-;127;272;37;58;58;-;-;-;-;-;-;-;-;-;-;-;-;-;-
Nossa Senhora de Nazaré (PI);-;-;-;-;-;-;-;-;-;-;-;-;-;-;-;-;-;-;-;-;...;4382;-;4382;-;-;-;-;-;-;-;-;-;-;45;63;-;5;-;-;-;-;-;-;5;-;-;-;-;-;-;-;-
Nossa Senhora dos Remédios (PI);-;-;-;-;-;-;-;-;-;-;-;-;-;-;-;-;-;-;-;-;...;768;-;768;-;-;-;-;-;-;-;-;-;-;385;48;21;622;620;-;-;-;-;-;2;-;-;-;-;-;-;-;-
Novo Oriente do Piauí (PI);-;-;-;-;-;-;-;-;-;-;-;-;-;-;-;-;-;-;-;-;...;-;-;-;-;-;-;-;-;-;-;-;-;-;49;33;11;-;-;-;-;-;-;-;-;-;-;-;-;-;-;-;-
Novo Santo Antônio (PI);-;-;-;-;-;-;-;-;-;-;-;-;-;-;-;-;-;-;-;-;...;198;-;198;-;-;-;-;-;-;-;-;-;-;143;162;38;-;-;-;-;-;-;-;-;-;-;-;-;-;-;-;-
Oeiras (PI);-;-;-;-;-;-;-;-;-;-;-;-;-;-;-;-;-;-;-;-;...;1017;-;1017;-;-;-;-;-;-;-;-;-;-;58;271;113;3;3;-;-;-;-;-;-;-;-;-;-;-;-;-;-
Olho D'Água do Piauí (PI);5;-;-;-;-;-;-;5;-;-;-;-;-;-;-;-;-;-;-;-;...;-;-;-;-;-;-;-;-;-;-;-;-;-;13;9;-;4;4;-;-;-;-;-;-;-;-;-;-;-;-;-;-
Padre Marcos (PI);-;-;-;-;-;-;-;-;-;-;-;-;-;-;-;-;-;-;-;-;...;-;-;-;-;-;-;-;-;-;-;-;-;-;11;33;-;-;-;-;-;-;-;-;-;-;-;-;-;-;-;-;-
Paes Landim (PI);4;-;-;-;-;-;-;-;-;4;-;-;-;-;-;-;-;-;-;-;...;-;-;-;-;-;-;-;-;-;-;-;-;-;14;96;47;-;-;-;-;-;-;-;-;-;-;-;-;-;-;-;-
Pajeú do Piauí (PI);-;-;-;-;-;-;-;-;-;-;-;-;-;-;-;-;-;-;-;-;...;-;-;-;-;-;-;-;-;-;-;-;-;-;86;79;27;-;-;-;-;-;-;-;-;-;-;-;-;-;-;-;-
Palmeira do Piauí (PI);71;-;-;-;-;-;-;-;-;-;71;-;-;-;-;-;-;-;-;-;...;-;-;-;-;-;-;-;-;-;-;-;-;-;2;99;20;10;10;-;-;-;-;-;-;-;-;-;-;-;-;-;-
Palmeirais (PI);-;-;-;-;-;-;-;-;-;-;-;-;-;-;-;-;-;-;-;-;...;163;-;163;-;-;-;-;-;-;-;-;-;-;50;112;13;385;385;-;-;-;-;-;-;-;-;-;-;-;-;-;-
Paquetá (PI);-;-;-;-;-;-;-;-;-;-;-;-;-;-;-;-;-;-;-;-;...;257;-;257;-;-;-;-;-;-;-;-;-;-;7;56;3;-;-;-;-;-;-;-;-;-;-;-;-;-;-;-;-
Parnaguá (PI);-;-;-;-;-;-;-;-;-;-;-;-;-;-;-;-;-;-;-;-;...;-;-;-;-;-;-;-;-;-;-;-;-;-;4907;111;64;1;1;-;-;-;-;-;-;-;-;-;-;-;-;-;-
Parnaíba (PI);-;-;-;-;-;-;-;-;-;-;-;-;-;-;-;-;-;-;-;-;...;1409;-;1409;-;-;-;-;-;-;-;-;-;-;217;49;1;-;-;-;-;-;-;-;-;-;-;-;-;-;-;-;-
Passagem Franca do Piauí (PI);-;-;-;-;-;-;-;-;-;-;-;-;-;-;-;-;-;-;-;-;...;-;-;-;-;-;-;-;-;-;-;-;-;-;28;515;8;2;2;-;-;-;-;-;-;-;-;-;-;-;-;-;-
Patos do Piauí (PI);-;-;-;-;-;-;-;-;-;-;-;-;-;-;-;-;-;-;-;-;...;791;-;791;-;-;-;-;-;-;-;-;-;-;-;214;30;-;-;-;-;-;-;-;-;-;-;-;-;-;-;-;-
Pau D'Arco do Piauí (PI);-;-;-;-;-;-;-;-;-;-;-;-;-;-;-;-;-;-;-;-;...;343;-;343;-;-;-;-;-;-;-;-;-;-;148;53;-;34;33;-;-;-;-;-;0;-;-;-;-;-;-;-;-
Paulistana (PI);11;-;-;-;-;-;-;-;-;11;-;-;-;-;-;-;-;-;-;-;...;-;-;-;-;-;-;-;-;-;-;-;-;-;15;586;49;-;-;-;-;-;-;-;-;-;-;-;-;-;-;-;-
Pavussu (PI);-;-;-;-;-;-;-;-;-;-;-;-;-;-;-;-;-;-;-;-;...;-;-;-;-;-;-;-;-;-;-;-;-;-;5;102;12;-;-;-;-;-;-;-;-;-;-;-;-;-;-;-;-
Pedro II (PI);1;-;-;-;-;-;-;1;-;-;1;-;-;-;-;-;-;-;-;-;...;978;-;978;-;-;-;-;-;-;-;-;-;-;682;1214;61;103;103;-;-;-;-;-;-;-;-;-;-;-;-;-;-
Pedro Laurentino (PI);3;-;-;-;-;-;-;-;-;3;-;-;-;-;-;-;-;-;-;-;...;-;-;-;-;-;-;-;-;-;-;-;-;-;6;95;4;-;-;-;-;-;-;-;-;-;-;-;-;-;-;-;-
Nova Santa Rita (PI);-;-;-;-;-;-;-;-;-;-;-;-;-;-;-;-;-;-;-;-;...;-;-;-;-;-;-;-;-;-;-;-;-;-;16;177;14;-;-;-;-;-;-;-;-;-;-;-;-;-;-;-;-
Picos (PI);-;-;-;-;-;-;-;-;-;-;-;-;-;-;-;-;-;-;-;-;...;1516;-;1516;-;-;-;-;-;-;-;-;-;-;19;44;9;-;-;-;-;-;-;-;-;-;-;-;-;-;-;-;-
Pimenteiras (PI);-;-;-;-;-;-;-;-;-;-;-;-;-;-;-;-;-;-;-;-;...;1333;-;1333;-;-;-;-;-;-;-;-;-;-;49;303;115;-;-;-;-;-;-;-;-;-;-;-;-;-;-;-;-
Pio IX (PI);-;-;-;-;-;-;-;-;-;-;-;-;-;-;-;-;-;-;-;-;...;-;-;-;-;-;-;-;-;-;-;-;-;-;3;69;134;-;-;-;-;-;-;-;-;-;-;-;-;-;-;-;-
Piracuruca (PI);2;-;-;-;-;-;-;2;-;-;-;-;-;-;-;-;-;-;-;-;...;6391;-;6391;-;-;-;-;-;-;-;-;-;-;238;326;12;-;-;-;-;-;-;-;-;-;-;-;-;-;-;-;-
Piripiri (PI);2;-;-;-;-;-;-;2;-;-;-;-;-;-;-;-;-;-;-;-;...;4682;-;4682;-;-;-;-;-;-;-;-;-;-;128;378;-;1;1;-;-;-;-;-;-;-;-;-;-;-;-;-;-
Porto (PI);-;-;-;-;-;-;-;-;-;-;-;68;-;68;-;-;-;-;-;-;...;361;-;361;-;-;-;-;-;-;-;-;-;-;468;33;13;256;256;-;-;-;-;-;-;-;-;-;-;-;-;-;-
Porto Alegre do Piauí (PI);-;-;-;-;-;-;-;-;-;-;-;-;-;-;-;-;-;-;-;-;...;-;-;-;-;-;-;-;-;-;-;-;-;-;6323;43;4;3;3;-;-;-;-;-;-;-;-;-;-;-;-;-;-
Prata do Piauí (PI);-;-;-;-;-;-;-;-;-;-;-;-;-;-;-;-;-;-;-;-;...;165;-;165;-;-;-;-;-;-;-;-;-;-;14;21;2;3;3;-;-;-;-;-;-;-;-;-;-;-;-;-;-
Queimada Nova (PI);15;-;-;-;-;-;-;-;-;15;-;-;-;-;-;-;-;-;-;-;...;-;-;-;-;-;-;-;-;-;-;-;-;-;-;278;11;-;-;-;-;-;-;-;-;-;-;-;-;-;-;-;-
Redenção do Gurguéia (PI);12;-;-;-;-;-;-;1;-;-;11;-;-;-;-;-;-;-;-;-;...;-;-;-;-;-;-;-;-;-;-;-;-;-;4;82;29;-;-;-;-;-;-;-;-;-;-;-;-;-;-;-;-
Regeneração (PI);-;-;-;-;-;-;-;-;-;-;-;33;-;-;-;33;-;-;-;-;...;176;-;176;-;-;-;-;-;-;-;-;-;-;50;202;22;5;5;-;-;-;-;-;-;-;-;-;-;-;-;-;-
Riacho Frio (PI);-;-;-;-;-;-;-;-;-;-;-;-;-;-;-;-;-;-;-;-;...;-;-;-;-;-;-;-;-;-;-;-;-;-;71;501;31;-;-;-;-;-;-;-;-;-;-;-;-;-;-;-;-
Ribeira do Piauí (PI);1;-;-;-;-;-;-;-;-;-;1;-;-;-;-;-;-;-;-;-;...;2670;-;2670;-;-;-;-;-;-;-;-;-;-;20;113;2;-;-;-;-;-;-;-;-;-;-;-;-;-;-;-;-
Ribeiro Gonçalves (PI);-;-;-;-;-;-;-;-;-;-;-;-;-;-;-;-;-;-;-;-;...;-;-;-;-;-;-;-;-;-;-;-;-;-;47;396;8;-;-;-;-;-;-;-;-;-;-;-;-;-;-;-;-
Rio Grande do Piauí (PI);-;-;-;-;-;-;-;-;-;-;-;-;-;-;-;-;-;-;-;-;...;-;-;-;-;-;-;-;-;-;-;-;-;-;32;159;32;-;-;-;-;-;-;-;-;-;-;-;-;-;-;-;-
Santa Cruz do Piauí (PI);4;-;-;-;-;-;-;-;-;-;4;-;-;-;-;-;-;-;-;-;...;1001;-;1001;-;-;-;-;-;-;-;-;-;-;35;246;18;-;-;-;-;-;-;-;-;-;-;-;-;-;-;-;-
Santa Cruz dos Milagres (PI);-;-;-;-;-;-;-;-;-;-;-;-;-;-;-;-;-;-;-;-;...;118;-;118;-;-;-;-;-;-;-;-;-;-;25;9;32;-;-;-;-;-;-;-;-;-;-;-;-;-;-;-;-
Santa Filomena (PI);-;-;-;-;-;-;-;-;-;-;-;-;-;-;-;-;-;-;-;-;...;-;-;-;-;-;-;-;-;-;-;-;-;-;13;216;202;-;-;-;-;-;-;-;-;-;-;-;-;-;-;-;-
Santa Luz (PI);-;-;-;-;-;-;-;-;-;-;-;-;-;-;-;-;-;-;-;-;...;-;-;-;-;-;-;-;-;-;-;-;-;-;1;45;47;-;-;-;-;-;-;-;-;-;-;-;-;-;-;-;-
Santana do Piauí (PI);-;-;-;-;-;-;-;-;-;-;-;-;-;-;-;-;-;-;-;-;...;-;-;-;-;-;-;-;-;-;-;-;-;-;4;25;-;-;-;-;-;-;-;-;-;-;-;-;-;-;-;-;-
Santa Rosa do Piauí (PI);-;-;-;-;-;-;-;-;-;-;-;-;-;-;-;-;-;-;-;-;...;-;-;-;-;-;-;-;-;-;-;-;-;-;39;46;5;-;-;-;-;-;-;-;-;-;-;-;-;-;-;-;-
Santo Antônio de Lisboa (PI);-;-;-;-;-;-;-;-;-;-;-;-;-;-;-;-;-;-;-;-;...;243;-;243;-;-;-;-;-;-;-;-;-;-;1;81;-;-;-;-;-;-;-;-;-;-;-;-;-;-;-;-;-
Santo Antônio dos Milagres (PI);-;-;-;-;-;-;-;-;-;-;-;-;-;-;-;-;-;-;-;-;...;-;-;-;-;-;-;-;-;-;-;-;-;-;8;8;-;5;5;-;-;-;-;-;-;-;-;-;-;-;-;-;-
Santo Inácio do Piauí (PI);-;-;-;-;-;-;-;-;-;-;-;-;-;-;-;-;-;-;-;-;...;1301;-;1301;-;-;-;-;-;-;-;-;-;-;34;99;-;-;-;-;-;-;-;-;-;-;-;-;-;-;-;-;-
São Braz do Piauí (PI);1;-;-;-;-;-;-;-;-;1;-;-;-;-;-;-;-;-;-;-;...;-;-;-;-;-;-;-;-;-;-;-;-;-;19;36;17;-;-;-;-;-;-;-;-;-;-;-;-;-;-;-;-
São Félix do Piauí (PI);-;-;-;-;-;-;-;-;-;-;-;-;-;-;-;-;-;-;-;-;...;108;-;108;-;-;-;-;-;-;-;-;-;-;29;17;4;-;-;-;-;-;-;-;-;-;-;-;-;-;-;-;-
São Francisco de Assis do Piauí (PI);1;-;-;-;-;-;-;-;-;1;-;-;-;-;-;-;-;-;-;-;...;-;-;-;-;-;-;-;-;-;-;-;-;-;-;172;2;-;-;-;-;-;-;-;-;-;-;-;-;-;-;-;-
São Francisco do Piauí (PI);-;-;-;-;-;-;-;-;-;-;-;-;-;-;-;-;-;-;-;-;...;453;-;453;-;-;-;-;-;-;-;-;-;-;69;295;1;-;-;-;-;-;-;-;-;-;-;-;-;-;-;-;-
São Gonçalo do Gurguéia (PI);-;-;-;-;-;-;-;-;-;-;-;-;-;-;-;-;-;-;-;-;...;-;-;-;-;-;-;-;-;-;-;-;-;-;121;48;64;-;-;-;-;-;-;-;-;-;-;-;-;-;-;-;-
São Gonçalo do Piauí (PI);1;-;-;-;-;-;-;-;-;-;1;-;-;-;-;-;-;-;-;-;...;-;-;-;-;-;-;-;-;-;-;-;-;-;37;41;-;7;7;-;-;-;-;-;-;-;-;-;-;-;-;-;-
São João da Canabrava (PI);-;-;-;-;-;-;-;-;-;-;-;-;-;-;-;-;-;-;-;-;...;-;-;-;-;-;-;-;-;-;-;-;-;-;8;20;-;-;-;-;-;-;-;-;-;-;-;-;-;-;-;-;-
São João da Fronteira (PI);-;-;-;-;-;-;-;-;-;-;-;-;-;-;-;-;-;-;-;-;...;865;-;865;-;-;-;-;-;-;-;-;-;-;47;295;-;-;-;-;-;-;-;-;-;-;-;-;-;-;-;-;-
São João da Serra (PI);-;-;-;-;-;-;-;-;-;-;-;-;-;-;-;-;-;-;-;-;...;2711;-;2711;-;-;-;-;-;-;-;-;-;-;146;103;8;-;-;-;-;-;-;-;-;-;-;-;-;-;-;-;-
São João da Varjota (PI);0;-;-;-;-;-;-;-;-;-;0;-;-;-;-;-;-;-;-;-;...;-;-;-;-;-;-;-;-;-;-;-;-;-;45;73;18;1;1;-;-;-;-;-;-;-;-;-;-;-;-;-;-
São João do Arraial (PI);-;-;-;-;-;-;-;-;-;-;-;-;-;-;-;-;-;-;-;-;...;133;-;133;-;-;-;-;-;-;-;-;-;-;116;6;11;609;609;-;-;-;-;-;-;-;-;-;-;-;-;-;-
São João do Piauí (PI);7;-;-;-;-;-;-;-;-;7;-;-;-;-;-;-;-;-;-;-;...;268;-;268;-;-;-;-;-;-;-;-;-;-;27;340;36;-;-;-;-;-;-;-;-;-;-;-;-;-;-;-;-
São José do Divino (PI);-;-;-;-;-;-;-;-;-;-;-;-;-;-;-;-;-;-;-;-;...;6404;-;6404;-;-;-;-;-;-;-;-;-;-;6;149;-;-;-;-;-;-;-;-;-;-;-;-;-;-;-;-;-
São José do Peixe (PI);-;-;-;-;-;-;-;-;-;-;-;-;-;-;-;-;-;-;-;-;...;612;-;612;-;-;-;-;-;-;-;-;-;-;1860;386;11;-;-;-;-;-;-;-;-;-;-;-;-;-;-;-;-
São José do Piauí (PI);-;-;-;-;-;-;-;-;-;-;-;-;-;-;-;-;-;-;-;-;...;-;-;-;-;-;-;-;-;-;-;-;-;-;26;16;9;-;-;-;-;-;-;-;-;-;-;-;-;-;-;-;-
São Julião (PI);-;-;-;-;-;-;-;-;-;-;-;-;-;-;-;-;-;-;-;-;...;-;-;-;-;-;-;-;-;-;-;-;-;-;0;75;17;-;-;-;-;-;-;-;-;-;-;-;-;-;-;-;-
São Lourenço do Piauí (PI);-;-;-;-;-;-;-;-;-;-;-;-;-;-;-;-;-;-;-;-;...;-;-;-;-;-;-;-;-;-;-;-;-;-;3;45;2;-;-;-;-;-;-;-;-;-;-;-;-;-;-;-;-
São Luis do Piauí (PI);-;-;-;-;-;-;-;-;-;-;-;-;-;-;-;-;-;-;-;-;...;-;-;-;-;-;-;-;-;-;-;-;-;-;13;58;9;-;-;-;-;-;-;-;-;-;-;-;-;-;-;-;-
São Miguel da Baixa Grande (PI);-;-;-;-;-;-;-;-;-;-;-;-;-;-;-;-;-;-;-;-;...;-;-;-;-;-;-;-;-;-;-;-;-;-;20;22;4;1;1;-;-;-;-;-;-;-;-;-;-;-;-;-;-
São Miguel do Fidalgo (PI);-;-;-;-;-;-;-;-;-;-;-;-;-;-;-;-;-;-;-;-;...;93;-;93;-;-;-;-;-;-;-;-;-;-;5;38;8;-;-;-;-;-;-;-;-;-;-;-;-;-;-;-;-
São Miguel do Tapuio (PI);-;-;-;-;-;-;-;-;-;-;-;-;-;-;-;-;-;-;-;-;...;4287;-;4287;-;-;-;-;-;-;-;-;-;-;155;192;8;-;-;-;-;-;-;-;-;-;-;-;-;-;-;-;-
São Pedro do Piauí (PI);3;-;-;-;-;-;-;3;-;-;-;-;-;-;-;-;-;-;-;-;...;-;-;-;-;-;-;-;-;-;-;-;-;-;77;160;9;52;52;-;-;-;-;-;-;-;-;-;-;-;-;-;-
São Raimundo Nonato (PI);23;-;-;-;-;-;-;-;-;23;-;-;-;-;-;-;-;-;-;-;...;-;-;-;-;-;-;-;-;-;-;-;-;-;39;193;11;-;-;-;-;-;-;-;-;-;-;-;-;-;-;-;-
Sebastião Barros (PI);-;-;-;-;-;-;-;-;-;-;-;-;-;-;-;-;-;-;-;-;...;-;-;-;-;-;-;-;-;-;-;-;-;-;54;55;173;-;-;-;-;-;-;-;-;-;-;-;-;-;-;-;-
Sebastião Leal (PI);-;-;-;-;-;-;-;-;-;-;-;21;-;-;-;21;-;-;-;-;...;-;-;-;-;-;-;-;-;-;-;-;-;-;208;352;-;5;5;-;-;-;-;-;-;-;-;-;-;-;-;-;-
Sigefredo Pacheco (PI);-;-;-;-;-;-;-;-;-;-;-;-;-;-;-;-;-;-;-;-;...;4007;-;4007;-;-;-;-;-;-;-;-;-;-;94;177;15;-;-;-;-;-;-;-;-;-;-;-;-;-;-;-;-
Simões (PI);-;-;-;-;-;-;-;-;-;-;-;-;-;-;-;-;-;-;-;-;...;-;-;-;-;-;-;-;-;-;-;-;-;-;38;461;15;-;-;-;-;-;-;-;-;-;-;-;-;-;-;-;-
Simplício Mendes (PI);3;-;-;-;-;-;-;-;-;3;-;-;-;-;-;-;-;-;-;-;...;219;-;219;-;-;-;-;-;-;-;-;-;-;29;1230;16;-;-;-;-;-;-;-;-;-;-;-;-;-;-;-;-
Socorro do Piauí (PI);-;-;-;-;-;-;-;-;-;-;-;-;-;-;-;-;-;-;-;-;...;-;-;-;-;-;-;-;-;-;-;-;-;-;13;95;10;-;-;-;-;-;-;-;-;-;-;-;-;-;-;-;-
Sussuapara (PI);-;-;-;-;-;-;-;-;-;-;-;-;-;-;-;-;-;-;-;-;...;103;-;103;-;-;-;-;-;-;-;-;-;-;17;85;37;-;-;-;-;-;-;-;-;-;-;-;-;-;-;-;-
Tamboril do Piauí (PI);-;-;-;-;-;-;-;-;-;-;-;-;-;-;-;-;-;-;-;-;...;-;-;-;-;-;-;-;-;-;-;-;-;-;4;124;10;-;-;-;-;-;-;-;-;-;-;-;-;-;-;-;-
Tanque do Piauí (PI);0;-;-;-;-;-;-;-;-;-;0;-;-;-;-;-;-;-;-;-;...;-;-;-;-;-;-;-;-;-;-;-;-;-;29;86;16;10;10;-;-;-;-;-;-;-;-;-;-;-;-;-;-
Teresina (PI);2;-;-;-;-;-;-;2;-;-;-;-;-;-;-;-;-;-;-;-;...;33;-;33;-;-;-;-;-;-;-;-;-;-;681;145;109;160;160;-;-;-;-;-;-;-;-;-;-;-;-;-;-
União (PI);-;-;-;-;-;-;-;-;-;-;-;-;-;-;-;-;-;-;-;-;...;854;-;854;-;-;-;-;-;-;-;-;-;-;742;199;37;837;830;-;-;-;-;-;7;-;-;-;-;-;-;-;-
Uruçuí (PI);2;-;-;-;-;-;-;2;-;-;-;-;-;-;-;-;-;-;-;-;...;-;-;-;-;-;-;-;-;-;-;-;-;-;159;1171;20;152;152;-;-;-;-;-;-;-;-;-;-;-;-;-;-
Valença do Piauí (PI);37;-;-;-;-;-;-;30;-;-;7;-;-;-;-;-;-;-;-;-;...;-;-;-;-;-;-;-;-;-;-;-;-;-;83;77;15;-;-;-;-;-;-;-;-;-;-;-;-;-;-;-;-
Várzea Branca (PI);0;-;-;-;-;-;-;-;-;0;-;-;-;-;-;-;-;-;-;-;...;-;-;-;-;-;-;-;-;-;-;-;-;-;30;47;30;-;-;-;-;-;-;-;-;-;-;-;-;-;-;-;-
Várzea Grande (PI);-;-;-;-;-;-;-;-;-;-;-;-;-;-;-;-;-;-;-;-;...;180;-;180;-;-;-;-;-;-;-;-;-;-;37;14;7;5;5;-;-;-;-;-;-;-;-;-;-;-;-;-;-
Vera Mendes (PI);-;-;-;-;-;-;-;-;-;-;-;-;-;-;-;-;-;-;-;-;...;-;-;-;-;-;-;-;-;-;-;-;-;-;2;27;-;-;-;-;-;-;-;-;-;-;-;-;-;-;-;-;-
Vila Nova do Piauí (PI);-;-;-;-;-;-;-;-;-;-;-;-;-;-;-;-;-;-;-;-;...;-;-;-;-;-;-;-;-;-;-;-;-;-;1;38;9;-;-;-;-;-;-;-;-;-;-;-;-;-;-;-;-
Wall Ferraz (PI);-;-;-;-;-;-;-;-;-;-;-;-;-;-;-;-;-;-;-;-;...;306;-;306;-;-;-;-;-;-;-;-;-;-;73;144;12;-;-;-;-;-;-;-;-;-;-;-;-;-;-;-;-
