"Município";"Peixes";"Carpa";"Curimatã, curimbatá";"Dourado";"Jatuarana, piabanha e piracanjuba";"Lambari";"Matrinxã";"Pacu e patinga";"Piau, piapara, piauçu, piava";"Pintado, cachara, cachapira e pintachara, surubim";"Pirapitinga";"Pirarucu";"Tambacu, tambatinga";"Tambaqui";"Tilápia";"Traíra e trairão";"Truta";"Tucunaré";"Outros peixes";"Alevinos";"Camarão";"Larvas e pós-larvas de camarão";"Ostras, vieiras e mexilhões";"Sementes de moluscos";"Outros produtos (rã, jacaré, siri, caranguejo, lagosta, etc)"
"Brasil";"...";"167945";"33913";"1608";"5730";"5920";"49571";"86870";"32304";"177690";"17480";"34159";"442075";"1090494";"3485740";"8247";"35461";"2276";"30336";"408248";"2219825";"262394";"100412";"3059";"4382"
"Nordeste";"...";"1824";"26147";"48";"470";"10";"568";"16577";"10660";"6355";"218";"2618";"92279";"195785";"759585";"1957";"-";"673";"5723";"47178";"2205998";"261569";"3462";"100";"8"
"Piauí";"...";"36";"569";"-";"-";"-";"-";"-";"194";"438";"-";"28";"9522";"52556";"49115";"22";"-";"-";"2685";"4524";"54119";"6300";"-";"-";"-"
"Agricolândia (PI)";"...";"-";"-";"-";"-";"-";"-";"-";"-";"-";"-";"-";"-";"133";"40";"-";"-";"-";"41";"-";"-";"-";"-";"-";"-"
"Água Branca (PI)";"...";"...";"...";"...";"...";"...";"...";"...";"...";"...";"...";"...";"...";"...";"...";"...";"...";"...";"...";"...";"...";"...";"...";"...";"..."
"Alto Longá (PI)";"...";"-";"-";"-";"-";"-";"-";"-";"-";"-";"-";"-";"234";"1144";"232";"-";"-";"-";"-";"-";"-";"-";"-";"-";"-"
"Altos (PI)";"...";"-";"-";"-";"-";"-";"-";"-";"-";"-";"-";"-";"50";"218";"163";"-";"-";"-";"-";"-";"-";"-";"-";"-";"-"
"Alvorada do Gurguéia (PI)";"...";"-";"-";"-";"-";"-";"-";"-";"-";"48";"-";"18";"-";"181";"-";"-";"-";"-";"140";"-";"-";"-";"-";"-";"-"
"Amarante (PI)";"...";"-";"-";"-";"-";"-";"-";"-";"-";"-";"-";"-";"-";"381";"-";"-";"-";"-";"78";"-";"-";"-";"-";"-";"-"
"Angical do Piauí (PI)";"...";"-";"-";"-";"-";"-";"-";"-";"-";"-";"-";"-";"-";"108";"56";"-";"-";"-";"-";"-";"-";"-";"-";"-";"-"
"Anísio de Abreu (PI)";"...";"-";"-";"-";"-";"-";"-";"-";"-";"-";"-";"-";"-";"32";"8";"-";"-";"-";"-";"-";"-";"-";"-";"-";"-"
"Antônio Almeida (PI)";"...";"-";"-";"-";"-";"-";"-";"-";"-";"-";"-";"-";"-";"20";"3";"-";"-";"-";"-";"-";"-";"-";"-";"-";"-"
"Aroazes (PI)";"...";"-";"-";"-";"-";"-";"-";"-";"-";"-";"-";"-";"-";"144";"-";"-";"-";"-";"-";"-";"-";"-";"-";"-";"-"
"Arraial (PI)";"...";"-";"-";"-";"-";"-";"-";"-";"-";"-";"-";"-";"66";"29";"-";"-";"-";"-";"-";"-";"-";"-";"-";"-";"-"
"Baixa Grande do Ribeiro (PI)";"...";"-";"-";"-";"-";"-";"-";"-";"-";"-";"-";"-";"39";"171";"114";"14";"-";"-";"-";"-";"-";"-";"-";"-";"-"
"Barra D'Alcântara (PI)";"...";"-";"-";"-";"-";"-";"-";"-";"-";"-";"-";"-";"122";"56";"-";"-";"-";"-";"-";"-";"-";"-";"-";"-";"-"
"Barras (PI)";"...";"-";"-";"-";"-";"-";"-";"-";"-";"-";"-";"-";"356";"1423";"45";"-";"-";"-";"96";"-";"-";"-";"-";"-";"-"
"Barreiras do Piauí (PI)";"...";"-";"-";"-";"-";"-";"-";"-";"-";"-";"-";"-";"26";"108";"-";"-";"-";"-";"12";"-";"-";"-";"-";"-";"-"
"Barro Duro (PI)";"...";"-";"-";"-";"-";"-";"-";"-";"-";"-";"-";"-";"-";"158";"-";"-";"-";"-";"9";"-";"-";"-";"-";"-";"-"
"Batalha (PI)";"...";"-";"-";"-";"-";"-";"-";"-";"-";"-";"-";"-";"157";"1793";"129";"-";"-";"-";"77";"-";"-";"-";"-";"-";"-"
"Belém do Piauí (PI)";"...";"-";"-";"-";"-";"-";"-";"-";"-";"-";"-";"-";"-";"75";"19";"-";"-";"-";"-";"-";"-";"-";"-";"-";"-"
"Beneditinos (PI)";"...";"-";"-";"-";"-";"-";"-";"-";"-";"-";"-";"-";"137";"3110";"68";"-";"-";"-";"-";"-";"-";"-";"-";"-";"-"
"Bertolínia (PI)";"...";"-";"-";"-";"-";"-";"-";"-";"-";"-";"-";"-";"-";"81";"-";"-";"-";"-";"-";"-";"-";"-";"-";"-";"-"
"Boa Hora (PI)";"...";"-";"-";"-";"-";"-";"-";"-";"-";"-";"-";"-";"-";"28";"14";"-";"-";"-";"8";"-";"-";"-";"-";"-";"-"
"Bocaina (PI)";"...";"-";"-";"-";"-";"-";"-";"-";"28";"-";"-";"-";"-";"79";"1311";"-";"-";"-";"-";"-";"-";"-";"-";"-";"-"
"Bom Jesus (PI)";"...";"-";"8";"-";"-";"-";"-";"-";"14";"-";"-";"-";"-";"221";"-";"-";"-";"-";"14";"-";"-";"-";"-";"-";"-"
"Bom Princípio do Piauí (PI)";"...";"...";"...";"...";"...";"...";"...";"...";"...";"...";"...";"...";"...";"...";"...";"...";"...";"...";"...";"...";"...";"...";"...";"...";"..."
"Bonfim do Piauí (PI)";"...";"...";"...";"...";"...";"...";"...";"...";"...";"...";"...";"...";"...";"...";"...";"...";"...";"...";"...";"...";"...";"...";"...";"...";"..."
"Boqueirão do Piauí (PI)";"...";"-";"-";"-";"-";"-";"-";"-";"-";"-";"-";"-";"-";"11";"9";"-";"-";"-";"-";"-";"-";"-";"-";"-";"-"
"Brasileira (PI)";"...";"-";"-";"-";"-";"-";"-";"-";"-";"-";"-";"-";"-";"5";"9";"-";"-";"-";"-";"-";"-";"-";"-";"-";"-"
"Brejo do Piauí (PI)";"...";"-";"-";"-";"-";"-";"-";"-";"-";"-";"-";"-";"-";"142";"-";"-";"-";"-";"-";"-";"-";"-";"-";"-";"-"
"Buriti dos Lopes (PI)";"...";"-";"-";"-";"-";"-";"-";"-";"-";"-";"-";"-";"33";"255";"82";"-";"-";"-";"-";"70";"-";"-";"-";"-";"-"
"Cabeceiras do Piauí (PI)";"...";"-";"-";"-";"-";"-";"-";"-";"-";"-";"-";"-";"-";"250";"-";"-";"-";"-";"-";"-";"-";"-";"-";"-";"-"
"Cajazeiras do Piauí (PI)";"...";"-";"-";"-";"-";"-";"-";"-";"-";"-";"-";"-";"2";"60";"-";"-";"-";"-";"2";"-";"-";"-";"-";"-";"-"
"Cajueiro da Praia (PI)";"...";"-";"-";"-";"-";"-";"-";"-";"-";"-";"-";"-";"-";"-";"-";"-";"-";"-";"-";"-";"30099";"6300";"-";"-";"-"
"Caldeirão Grande do Piauí (PI)";"...";"...";"...";"...";"...";"...";"...";"...";"...";"...";"...";"...";"...";"...";"...";"...";"...";"...";"...";"...";"...";"...";"...";"...";"..."
"Campinas do Piauí (PI)";"...";"-";"-";"-";"-";"-";"-";"-";"-";"-";"-";"-";"91";"14";"-";"-";"-";"-";"-";"-";"-";"-";"-";"-";"-"
"Campo Alegre do Fidalgo (PI)";"...";"...";"...";"...";"...";"...";"...";"...";"...";"...";"...";"...";"...";"...";"...";"...";"...";"...";"...";"...";"...";"...";"...";"...";"..."
"Campo Grande do Piauí (PI)";"...";"...";"...";"...";"...";"...";"...";"...";"...";"...";"...";"...";"...";"...";"...";"...";"...";"...";"...";"...";"...";"...";"...";"...";"..."
"Campo Largo do Piauí (PI)";"...";"-";"-";"-";"-";"-";"-";"-";"-";"-";"-";"-";"113";"602";"28";"-";"-";"-";"-";"-";"-";"-";"-";"-";"-"
"Campo Maior (PI)";"...";"-";"-";"-";"-";"-";"-";"-";"-";"-";"-";"-";"108";"912";"588";"-";"-";"-";"-";"-";"-";"-";"-";"-";"-"
"Canavieira (PI)";"...";"-";"-";"-";"-";"-";"-";"-";"-";"-";"-";"-";"102";"24";"-";"-";"-";"-";"-";"-";"-";"-";"-";"-";"-"
"Canto do Buriti (PI)";"...";"-";"-";"-";"-";"-";"-";"-";"-";"-";"-";"-";"-";"111";"5";"-";"-";"-";"-";"-";"-";"-";"-";"-";"-"
"Capitão de Campos (PI)";"...";"-";"-";"-";"-";"-";"-";"-";"-";"-";"-";"-";"-";"155";"20";"-";"-";"-";"-";"-";"-";"-";"-";"-";"-"
"Caraúbas do Piauí (PI)";"...";"...";"...";"...";"...";"...";"...";"...";"...";"...";"...";"...";"...";"...";"...";"...";"...";"...";"...";"...";"...";"...";"...";"...";"..."
"Caridade do Piauí (PI)";"...";"-";"-";"-";"-";"-";"-";"-";"-";"-";"-";"-";"-";"11";"10";"-";"-";"-";"-";"-";"-";"-";"-";"-";"-"
"Castelo do Piauí (PI)";"...";"-";"-";"-";"-";"-";"-";"-";"-";"-";"-";"-";"71";"365";"264";"-";"-";"-";"-";"-";"-";"-";"-";"-";"-"
"Caxingó (PI)";"...";"-";"20";"-";"-";"-";"-";"-";"-";"-";"-";"-";"-";"157";"223";"-";"-";"-";"86";"-";"-";"-";"-";"-";"-"
"Cocal (PI)";"...";"-";"-";"-";"-";"-";"-";"-";"-";"-";"-";"-";"121";"-";"38";"-";"-";"-";"-";"-";"-";"-";"-";"-";"-"
"Cocal de Telha (PI)";"...";"-";"-";"-";"-";"-";"-";"-";"-";"-";"-";"-";"-";"35";"37";"-";"-";"-";"-";"-";"-";"-";"-";"-";"-"
"Cocal dos Alves (PI)";"...";"...";"...";"...";"...";"...";"...";"...";"...";"...";"...";"...";"...";"...";"...";"...";"...";"...";"...";"...";"...";"...";"...";"...";"..."
"Coivaras (PI)";"...";"-";"-";"-";"-";"-";"-";"-";"-";"-";"-";"-";"353";"113";"12";"-";"-";"-";"-";"-";"-";"-";"-";"-";"-"
"Colônia do Gurguéia (PI)";"...";"-";"-";"-";"-";"-";"-";"-";"-";"-";"-";"-";"-";"254";"-";"-";"-";"-";"7";"-";"-";"-";"-";"-";"-"
"Colônia do Piauí (PI)";"...";"-";"-";"-";"-";"-";"-";"-";"-";"-";"-";"-";"8";"26";"-";"-";"-";"-";"-";"-";"-";"-";"-";"-";"-"
"Conceição do Canindé (PI)";"...";"-";"-";"-";"-";"-";"-";"-";"-";"20";"-";"-";"134";"473";"124";"-";"-";"-";"-";"-";"-";"-";"-";"-";"-"
"Corrente (PI)";"...";"-";"-";"-";"-";"-";"-";"-";"-";"-";"-";"-";"4";"26";"94";"-";"-";"-";"13";"-";"-";"-";"-";"-";"-"
"Cristalândia do Piauí (PI)";"...";"-";"-";"-";"-";"-";"-";"-";"-";"-";"-";"-";"59";"-";"-";"-";"-";"-";"-";"-";"-";"-";"-";"-";"-"
"Cristino Castro (PI)";"...";"-";"-";"-";"-";"-";"-";"-";"-";"-";"-";"-";"-";"194";"-";"-";"-";"-";"-";"-";"-";"-";"-";"-";"-"
"Curimatá (PI)";"...";"-";"9";"-";"-";"-";"-";"-";"-";"-";"-";"-";"-";"39";"-";"-";"-";"-";"-";"-";"-";"-";"-";"-";"-"
"Currais (PI)";"...";"-";"-";"-";"-";"-";"-";"-";"15";"-";"-";"-";"180";"147";"80";"-";"-";"-";"82";"-";"-";"-";"-";"-";"-"
"Curralinhos (PI)";"...";"-";"-";"-";"-";"-";"-";"-";"-";"-";"-";"-";"77";"822";"304";"-";"-";"-";"-";"-";"-";"-";"-";"-";"-"
"Demerval Lobão (PI)";"...";"-";"-";"-";"-";"-";"-";"-";"-";"-";"-";"-";"256";"1366";"231";"-";"-";"-";"-";"-";"-";"-";"-";"-";"-"
"Dom Expedito Lopes (PI)";"...";"-";"-";"-";"-";"-";"-";"-";"-";"-";"-";"-";"-";"9";"10";"-";"-";"-";"-";"-";"-";"-";"-";"-";"-"
"Domingos Mourão (PI)";"...";"-";"-";"-";"-";"-";"-";"-";"-";"-";"-";"-";"5";"3";"-";"-";"-";"-";"8";"-";"-";"-";"-";"-";"-"
"Dom Inocêncio (PI)";"...";"-";"-";"-";"-";"-";"-";"-";"-";"-";"-";"-";"-";"1";"60";"-";"-";"-";"-";"-";"-";"-";"-";"-";"-"
"Elesbão Veloso (PI)";"...";"-";"-";"-";"-";"-";"-";"-";"-";"-";"-";"-";"-";"180";"-";"-";"-";"-";"-";"-";"-";"-";"-";"-";"-"
"Eliseu Martins (PI)";"...";"-";"-";"-";"-";"-";"-";"-";"-";"-";"-";"-";"-";"31";"-";"-";"-";"-";"-";"-";"-";"-";"-";"-";"-"
"Esperantina (PI)";"...";"-";"-";"-";"-";"-";"-";"-";"33";"56";"-";"-";"373";"930";"432";"-";"-";"-";"114";"-";"-";"-";"-";"-";"-"
"Fartura do Piauí (PI)";"...";"...";"...";"...";"...";"...";"...";"...";"...";"...";"...";"...";"...";"...";"...";"...";"...";"...";"...";"...";"...";"...";"...";"...";"..."
"Flores do Piauí (PI)";"...";"-";"-";"-";"-";"-";"-";"-";"-";"-";"-";"-";"140";"-";"-";"-";"-";"-";"-";"-";"-";"-";"-";"-";"-"
"Floresta do Piauí (PI)";"...";"-";"-";"-";"-";"-";"-";"-";"-";"-";"-";"-";"-";"59";"-";"-";"-";"-";"-";"-";"-";"-";"-";"-";"-"
"Floriano (PI)";"...";"-";"-";"-";"-";"-";"-";"-";"-";"-";"-";"-";"20";"108";"-";"-";"-";"-";"6";"-";"-";"-";"-";"-";"-"
"Francinópolis (PI)";"...";"-";"-";"-";"-";"-";"-";"-";"-";"-";"-";"-";"-";"375";"-";"-";"-";"-";"-";"-";"-";"-";"-";"-";"-"
"Francisco Ayres (PI)";"...";"-";"-";"-";"-";"-";"-";"-";"-";"-";"-";"-";"-";"48";"2";"-";"-";"-";"-";"-";"-";"-";"-";"-";"-"
"Francisco Macedo (PI)";"...";"-";"-";"-";"-";"-";"-";"-";"-";"-";"-";"-";"-";"-";"38";"-";"-";"-";"-";"-";"-";"-";"-";"-";"-"
"Fronteiras (PI)";"...";"-";"-";"-";"-";"-";"-";"-";"-";"-";"-";"-";"-";"-";"288";"-";"-";"-";"-";"-";"-";"-";"-";"-";"-"
"Geminiano (PI)";"...";"-";"-";"-";"-";"-";"-";"-";"-";"-";"-";"-";"-";"107";"81";"-";"-";"-";"-";"-";"-";"-";"-";"-";"-"
"Gilbués (PI)";"...";"-";"-";"-";"-";"-";"-";"-";"-";"-";"-";"-";"-";"53";"-";"-";"-";"-";"-";"-";"-";"-";"-";"-";"-"
"Guadalupe (PI)";"...";"-";"-";"-";"-";"-";"-";"-";"-";"-";"-";"-";"-";"-";"30210";"-";"-";"-";"180";"2784";"-";"-";"-";"-";"-"
"Hugo Napoleão (PI)";"...";"-";"-";"-";"-";"-";"-";"-";"-";"-";"-";"-";"44";"52";"-";"-";"-";"-";"40";"-";"-";"-";"-";"-";"-"
"Ilha Grande (PI)";"...";"-";"-";"-";"-";"-";"-";"-";"-";"-";"-";"-";"68";"190";"15";"-";"-";"-";"240";"-";"-";"-";"-";"-";"-"
"Inhuma (PI)";"...";"-";"-";"-";"-";"-";"-";"-";"-";"-";"-";"10";"13";"49";"21";"-";"-";"-";"7";"-";"-";"-";"-";"-";"-"
"Ipiranga do Piauí (PI)";"...";"-";"-";"-";"-";"-";"-";"-";"-";"-";"-";"-";"-";"15";"12";"-";"-";"-";"-";"-";"-";"-";"-";"-";"-"
"Isaías Coelho (PI)";"...";"-";"-";"-";"-";"-";"-";"-";"-";"-";"-";"-";"-";"272";"78";"-";"-";"-";"-";"-";"-";"-";"-";"-";"-"
"Itainópolis (PI)";"...";"-";"-";"-";"-";"-";"-";"-";"-";"-";"-";"-";"106";"439";"10";"-";"-";"-";"-";"-";"-";"-";"-";"-";"-"
"Itaueira (PI)";"...";"-";"-";"-";"-";"-";"-";"-";"-";"-";"-";"-";"247";"-";"-";"-";"-";"-";"-";"-";"-";"-";"-";"-";"-"
"Jacobina do Piauí (PI)";"...";"-";"-";"-";"-";"-";"-";"-";"-";"-";"-";"-";"-";"19";"14";"-";"-";"-";"-";"-";"-";"-";"-";"-";"-"
"Jaicós (PI)";"...";"-";"-";"-";"-";"-";"-";"-";"-";"-";"-";"-";"-";"27";"-";"-";"-";"-";"-";"-";"-";"-";"-";"-";"-"
"Jardim do Mulato (PI)";"...";"-";"-";"-";"-";"-";"-";"-";"-";"-";"-";"-";"-";"20";"-";"-";"-";"-";"6";"-";"-";"-";"-";"-";"-"
"Jatobá do Piauí (PI)";"...";"-";"-";"-";"-";"-";"-";"-";"-";"-";"-";"-";"56";"162";"74";"-";"-";"-";"-";"-";"-";"-";"-";"-";"-"
"Jerumenha (PI)";"...";"-";"-";"-";"-";"-";"-";"-";"-";"-";"-";"-";"242";"-";"28";"-";"-";"-";"-";"-";"-";"-";"-";"-";"-"
"João Costa (PI)";"...";"-";"-";"-";"-";"-";"-";"-";"-";"-";"-";"-";"-";"57";"-";"-";"-";"-";"-";"-";"-";"-";"-";"-";"-"
"Joaquim Pires (PI)";"...";"-";"-";"-";"-";"-";"-";"-";"-";"-";"-";"-";"298";"280";"229";"-";"-";"-";"-";"-";"-";"-";"-";"-";"-"
"Joca Marques (PI)";"...";"-";"-";"-";"-";"-";"-";"-";"-";"-";"-";"-";"-";"291";"39";"-";"-";"-";"-";"-";"-";"-";"-";"-";"-"
"José de Freitas (PI)";"...";"-";"141";"-";"-";"-";"-";"-";"-";"-";"-";"-";"422";"3159";"319";"-";"-";"-";"-";"-";"-";"-";"-";"-";"-"
"Juazeiro do Piauí (PI)";"...";"-";"-";"-";"-";"-";"-";"-";"-";"-";"-";"-";"-";"119";"-";"-";"-";"-";"-";"-";"-";"-";"-";"-";"-"
"Júlio Borges (PI)";"...";"-";"-";"-";"-";"-";"-";"-";"-";"-";"-";"-";"-";"7";"6";"-";"-";"-";"-";"-";"-";"-";"-";"-";"-"
"Jurema (PI)";"...";"-";"-";"-";"-";"-";"-";"-";"-";"-";"-";"-";"-";"24";"-";"-";"-";"-";"-";"-";"-";"-";"-";"-";"-"
"Lagoinha do Piauí (PI)";"...";"-";"-";"-";"-";"-";"-";"-";"-";"-";"-";"-";"-";"9";"-";"-";"-";"-";"-";"-";"-";"-";"-";"-";"-"
"Lagoa Alegre (PI)";"...";"-";"-";"-";"-";"-";"-";"-";"-";"-";"-";"-";"174";"245";"11";"-";"-";"-";"-";"-";"-";"-";"-";"-";"-"
"Lagoa de São Francisco (PI)";"...";"-";"-";"-";"-";"-";"-";"-";"-";"-";"-";"-";"-";"6";"7";"-";"-";"-";"2";"-";"-";"-";"-";"-";"-"
"Lagoa do Piauí (PI)";"...";"-";"-";"-";"-";"-";"-";"-";"-";"-";"-";"-";"82";"46";"33";"-";"-";"-";"-";"-";"-";"-";"-";"-";"-"
"Lagoa do Sítio (PI)";"...";"...";"...";"...";"...";"...";"...";"...";"...";"...";"...";"...";"...";"...";"...";"...";"...";"...";"...";"...";"...";"...";"...";"...";"..."
"Landri Sales (PI)";"...";"-";"-";"-";"-";"-";"-";"-";"-";"-";"-";"-";"-";"33";"-";"-";"-";"-";"18";"-";"-";"-";"-";"-";"-"
"Luís Correia (PI)";"...";"-";"-";"-";"-";"-";"-";"-";"-";"-";"-";"-";"-";"-";"-";"-";"-";"-";"-";"-";"24020";"-";"-";"-";"-"
"Luzilândia (PI)";"...";"-";"-";"-";"-";"-";"-";"-";"-";"-";"-";"-";"-";"609";"807";"-";"-";"-";"52";"-";"-";"-";"-";"-";"-"
"Madeiro (PI)";"...";"-";"-";"-";"-";"-";"-";"-";"-";"-";"-";"-";"120";"883";"215";"-";"-";"-";"-";"81";"-";"-";"-";"-";"-"
"Manoel Emídio (PI)";"...";"-";"-";"-";"-";"-";"-";"-";"-";"1";"-";"-";"-";"51";"2";"-";"-";"-";"64";"-";"-";"-";"-";"-";"-"
"Marcolândia (PI)";"...";"...";"...";"...";"...";"...";"...";"...";"...";"...";"...";"...";"...";"...";"...";"...";"...";"...";"...";"...";"...";"...";"...";"...";"..."
"Marcos Parente (PI)";"...";"-";"-";"-";"-";"-";"-";"-";"-";"-";"-";"-";"-";"9";"19";"-";"-";"-";"-";"-";"-";"-";"-";"-";"-"
"Matias Olímpio (PI)";"...";"-";"-";"-";"-";"-";"-";"-";"-";"-";"-";"-";"37";"291";"-";"-";"-";"-";"33";"-";"-";"-";"-";"-";"-"
"Miguel Alves (PI)";"...";"-";"-";"-";"-";"-";"-";"-";"-";"-";"-";"-";"319";"780";"28";"-";"-";"-";"-";"-";"-";"-";"-";"-";"-"
"Miguel Leão (PI)";"...";"-";"-";"-";"-";"-";"-";"-";"-";"-";"-";"-";"-";"73";"-";"-";"-";"-";"-";"-";"-";"-";"-";"-";"-"
"Milton Brandão (PI)";"...";"-";"4";"-";"-";"-";"-";"-";"-";"-";"-";"-";"-";"23";"8";"1";"-";"-";"21";"-";"-";"-";"-";"-";"-"
"Monsenhor Gil (PI)";"...";"-";"-";"-";"-";"-";"-";"-";"-";"-";"-";"-";"369";"399";"52";"-";"-";"-";"-";"-";"-";"-";"-";"-";"-"
"Monte Alegre do Piauí (PI)";"...";"-";"-";"-";"-";"-";"-";"-";"-";"-";"-";"-";"44";"161";"-";"-";"-";"-";"-";"-";"-";"-";"-";"-";"-"
"Morro do Chapéu do Piauí (PI)";"...";"-";"-";"-";"-";"-";"-";"-";"-";"-";"-";"-";"-";"60";"45";"-";"-";"-";"-";"-";"-";"-";"-";"-";"-"
"Murici dos Portelas (PI)";"...";"-";"-";"-";"-";"-";"-";"-";"-";"-";"-";"-";"-";"17";"-";"-";"-";"-";"-";"-";"-";"-";"-";"-";"-"
"Nazaré do Piauí (PI)";"...";"...";"...";"...";"...";"...";"...";"...";"...";"...";"...";"...";"...";"...";"...";"...";"...";"...";"...";"...";"...";"...";"...";"...";"..."
"Nazária (PI)";"...";"-";"265";"-";"-";"-";"-";"-";"-";"-";"-";"-";"409";"6243";"900";"-";"-";"-";"-";"558";"-";"-";"-";"-";"-"
"Nossa Senhora de Nazaré (PI)";"...";"-";"-";"-";"-";"-";"-";"-";"-";"-";"-";"-";"-";"145";"-";"-";"-";"-";"-";"-";"-";"-";"-";"-";"-"
"Nossa Senhora dos Remédios (PI)";"...";"-";"-";"-";"-";"-";"-";"-";"-";"21";"-";"-";"115";"1159";"47";"-";"-";"-";"49";"-";"-";"-";"-";"-";"-"
"Novo Oriente do Piauí (PI)";"...";"-";"-";"-";"-";"-";"-";"-";"-";"-";"-";"-";"-";"12";"3";"-";"-";"-";"-";"-";"-";"-";"-";"-";"-"
"Novo Santo Antônio (PI)";"...";"-";"-";"-";"-";"-";"-";"-";"-";"-";"-";"-";"-";"201";"74";"-";"-";"-";"-";"-";"-";"-";"-";"-";"-"
"Oeiras (PI)";"...";"-";"-";"-";"-";"-";"-";"-";"-";"-";"-";"-";"17";"495";"6";"-";"-";"-";"131";"-";"-";"-";"-";"-";"-"
"Olho D'Água do Piauí (PI)";"...";"-";"-";"-";"-";"-";"-";"-";"-";"-";"-";"-";"-";"89";"27";"-";"-";"-";"10";"-";"-";"-";"-";"-";"-"
"Paes Landim (PI)";"...";"-";"-";"-";"-";"-";"-";"-";"-";"-";"-";"-";"80";"19";"-";"-";"-";"-";"-";"-";"-";"-";"-";"-";"-"
"Pajeú do Piauí (PI)";"...";"-";"-";"-";"-";"-";"-";"-";"-";"-";"-";"-";"-";"63";"-";"-";"-";"-";"-";"-";"-";"-";"-";"-";"-"
"Palmeira do Piauí (PI)";"...";"-";"-";"-";"-";"-";"-";"-";"-";"-";"-";"-";"-";"26";"-";"-";"-";"-";"-";"-";"-";"-";"-";"-";"-"
"Palmeirais (PI)";"...";"-";"-";"-";"-";"-";"-";"-";"-";"-";"-";"-";"27";"3177";"2827";"-";"-";"-";"-";"-";"-";"-";"-";"-";"-"
"Paquetá (PI)";"...";"-";"-";"-";"-";"-";"-";"-";"-";"-";"-";"-";"-";"50";"8";"-";"-";"-";"-";"-";"-";"-";"-";"-";"-"
"Parnaguá (PI)";"...";"...";"...";"...";"...";"...";"...";"...";"...";"...";"...";"...";"...";"...";"...";"...";"...";"...";"...";"...";"...";"...";"...";"...";"..."
"Parnaíba (PI)";"...";"-";"-";"-";"-";"-";"-";"-";"26";"-";"-";"-";"-";"75";"3405";"-";"-";"-";"-";"-";"-";"-";"-";"-";"-"
"Passagem Franca do Piauí (PI)";"...";"-";"-";"-";"-";"-";"-";"-";"-";"-";"-";"-";"-";"95";"-";"-";"-";"-";"30";"-";"-";"-";"-";"-";"-"
"Patos do Piauí (PI)";"...";"-";"-";"-";"-";"-";"-";"-";"-";"-";"-";"-";"-";"-";"230";"-";"-";"-";"-";"-";"-";"-";"-";"-";"-"
"Pau D'Arco do Piauí (PI)";"...";"-";"-";"-";"-";"-";"-";"-";"-";"-";"-";"-";"137";"168";"17";"-";"-";"-";"-";"-";"-";"-";"-";"-";"-"
"Paulistana (PI)";"...";"...";"...";"...";"...";"...";"...";"...";"...";"...";"...";"...";"...";"...";"...";"...";"...";"...";"...";"...";"...";"...";"...";"...";"..."
"Pavussu (PI)";"...";"...";"...";"...";"...";"...";"...";"...";"...";"...";"...";"...";"...";"...";"...";"...";"...";"...";"...";"...";"...";"...";"...";"...";"..."
"Pedro II (PI)";"...";"...";"...";"...";"...";"...";"...";"...";"...";"...";"...";"...";"...";"...";"...";"...";"...";"...";"...";"...";"...";"...";"...";"...";"..."
"Pedro Laurentino (PI)";"...";"-";"-";"-";"-";"-";"-";"-";"-";"-";"-";"-";"-";"25";"-";"-";"-";"-";"-";"-";"-";"-";"-";"-";"-"
"Nova Santa Rita (PI)";"...";"-";"-";"-";"-";"-";"-";"-";"-";"-";"-";"-";"-";"36";"7";"-";"-";"-";"-";"-";"-";"-";"-";"-";"-"
"Picos (PI)";"...";"-";"-";"-";"-";"-";"-";"-";"-";"-";"-";"-";"-";"303";"740";"-";"-";"-";"-";"320";"-";"-";"-";"-";"-"
"Pimenteiras (PI)";"...";"-";"-";"-";"-";"-";"-";"-";"-";"-";"-";"-";"-";"111";"-";"-";"-";"-";"71";"-";"-";"-";"-";"-";"-"
"Pio IX (PI)";"...";"-";"-";"-";"-";"-";"-";"-";"-";"-";"-";"-";"4";"-";"4";"-";"-";"-";"-";"-";"-";"-";"-";"-";"-"
"Piracuruca (PI)";"...";"30";"82";"-";"-";"-";"-";"-";"70";"185";"-";"-";"-";"834";"516";"-";"-";"-";"654";"506";"-";"-";"-";"-";"-"
"Piripiri (PI)";"...";"-";"-";"-";"-";"-";"-";"-";"-";"-";"-";"-";"12";"24";"31";"-";"-";"-";"26";"205";"-";"-";"-";"-";"-"
"Porto (PI)";"...";"-";"-";"-";"-";"-";"-";"-";"-";"-";"-";"-";"333";"843";"152";"-";"-";"-";"36";"-";"-";"-";"-";"-";"-"
"Porto Alegre do Piauí (PI)";"...";"-";"-";"-";"-";"-";"-";"-";"-";"-";"-";"-";"-";"11";"520";"-";"-";"-";"-";"-";"-";"-";"-";"-";"-"
"Prata do Piauí (PI)";"...";"-";"4";"-";"-";"-";"-";"-";"-";"-";"-";"-";"-";"-";"-";"-";"-";"-";"-";"-";"-";"-";"-";"-";"-"
"Queimada Nova (PI)";"...";"...";"...";"...";"...";"...";"...";"...";"...";"...";"...";"...";"...";"...";"...";"...";"...";"...";"...";"...";"...";"...";"...";"...";"..."
"Redenção do Gurguéia (PI)";"...";"-";"-";"-";"-";"-";"-";"-";"-";"-";"-";"-";"-";"32";"-";"-";"-";"-";"39";"-";"-";"-";"-";"-";"-"
"Regeneração (PI)";"...";"-";"-";"-";"-";"-";"-";"-";"-";"-";"-";"-";"138";"-";"-";"-";"-";"-";"-";"-";"-";"-";"-";"-";"-"
"Riacho Frio (PI)";"...";"...";"...";"...";"...";"...";"...";"...";"...";"...";"...";"...";"...";"...";"...";"...";"...";"...";"...";"...";"...";"...";"...";"...";"..."
"Ribeira do Piauí (PI)";"...";"...";"...";"...";"...";"...";"...";"...";"...";"...";"...";"...";"...";"...";"...";"...";"...";"...";"...";"...";"...";"...";"...";"...";"..."
"Ribeiro Gonçalves (PI)";"...";"-";"-";"-";"-";"-";"-";"-";"-";"-";"-";"-";"-";"126";"4";"-";"-";"-";"-";"-";"-";"-";"-";"-";"-"
"Rio Grande do Piauí (PI)";"...";"...";"...";"...";"...";"...";"...";"...";"...";"...";"...";"...";"...";"...";"...";"...";"...";"...";"...";"...";"...";"...";"...";"...";"..."
"Santa Cruz do Piauí (PI)";"...";"-";"-";"-";"-";"-";"-";"-";"-";"-";"-";"-";"-";"16";"-";"-";"-";"-";"-";"-";"-";"-";"-";"-";"-"
"Santa Cruz dos Milagres (PI)";"...";"-";"-";"-";"-";"-";"-";"-";"-";"-";"-";"-";"-";"104";"-";"-";"-";"-";"-";"-";"-";"-";"-";"-";"-"
"Santa Filomena (PI)";"...";"-";"-";"-";"-";"-";"-";"-";"-";"-";"-";"-";"13";"104";"-";"-";"-";"-";"13";"-";"-";"-";"-";"-";"-"
"Santa Luz (PI)";"...";"-";"-";"-";"-";"-";"-";"-";"-";"-";"-";"-";"-";"62";"-";"-";"-";"-";"33";"-";"-";"-";"-";"-";"-"
"Santa Rosa do Piauí (PI)";"...";"-";"-";"-";"-";"-";"-";"-";"-";"-";"-";"-";"-";"1266";"-";"-";"-";"-";"16";"-";"-";"-";"-";"-";"-"
"Santo Inácio do Piauí (PI)";"...";"-";"3";"-";"-";"-";"-";"-";"-";"-";"-";"-";"5";"89";"-";"-";"-";"-";"-";"-";"-";"-";"-";"-";"-"
"São Félix do Piauí (PI)";"...";"-";"-";"-";"-";"-";"-";"-";"-";"-";"-";"-";"72";"180";"-";"-";"-";"-";"-";"-";"-";"-";"-";"-";"-"
"São Francisco de Assis do Piauí (PI)";"...";"...";"...";"...";"...";"...";"...";"...";"...";"...";"...";"...";"...";"...";"...";"...";"...";"...";"...";"...";"...";"...";"...";"...";"..."
"São Francisco do Piauí (PI)";"...";"1";"-";"-";"-";"-";"-";"-";"-";"-";"-";"-";"112";"14";"4";"1";"-";"-";"3";"-";"-";"-";"-";"-";"-"
"São Gonçalo do Gurguéia (PI)";"...";"3";"-";"-";"-";"-";"-";"-";"-";"-";"-";"-";"-";"56";"-";"-";"-";"-";"-";"-";"-";"-";"-";"-";"-"
"São Gonçalo do Piauí (PI)";"...";"-";"-";"-";"-";"-";"-";"-";"-";"-";"-";"-";"60";"6";"24";"-";"-";"-";"60";"-";"-";"-";"-";"-";"-"
"São João da Fronteira (PI)";"...";"...";"...";"...";"...";"...";"...";"...";"...";"...";"...";"...";"...";"...";"...";"...";"...";"...";"...";"...";"...";"...";"...";"...";"..."
"São João da Serra (PI)";"...";"-";"-";"-";"-";"-";"-";"-";"-";"-";"-";"-";"-";"927";"116";"-";"-";"-";"-";"-";"-";"-";"-";"-";"-"
"São João da Varjota (PI)";"...";"...";"...";"...";"...";"...";"...";"...";"...";"...";"...";"...";"...";"...";"...";"...";"...";"...";"...";"...";"...";"...";"...";"...";"..."
"São João do Arraial (PI)";"...";"-";"-";"-";"-";"-";"-";"-";"-";"-";"-";"-";"684";"269";"146";"-";"-";"-";"23";"-";"-";"-";"-";"-";"-"
"São João do Piauí (PI)";"...";"-";"-";"-";"-";"-";"-";"-";"-";"26";"-";"-";"-";"409";"30";"-";"-";"-";"-";"-";"-";"-";"-";"-";"-"
"São José do Divino (PI)";"...";"-";"-";"-";"-";"-";"-";"-";"8";"-";"-";"-";"-";"12";"-";"-";"-";"-";"12";"-";"-";"-";"-";"-";"-"
"São José do Peixe (PI)";"...";"...";"...";"...";"...";"...";"...";"...";"...";"...";"...";"...";"...";"...";"...";"...";"...";"...";"...";"...";"...";"...";"...";"...";"..."
"São José do Piauí (PI)";"...";"-";"-";"-";"-";"-";"-";"-";"-";"-";"-";"-";"-";"24";"-";"-";"-";"-";"-";"-";"-";"-";"-";"-";"-"
"São Luis do Piauí (PI)";"...";"...";"...";"...";"...";"...";"...";"...";"...";"...";"...";"...";"...";"...";"...";"...";"...";"...";"...";"...";"...";"...";"...";"...";"..."
"São Miguel da Baixa Grande (PI)";"...";"-";"-";"-";"-";"-";"-";"-";"-";"-";"-";"-";"-";"6";"-";"-";"-";"-";"-";"-";"-";"-";"-";"-";"-"
"São Miguel do Fidalgo (PI)";"...";"-";"-";"-";"-";"-";"-";"-";"-";"17";"-";"-";"-";"141";"44";"-";"-";"-";"-";"-";"-";"-";"-";"-";"-"
"São Miguel do Tapuio (PI)";"...";"-";"-";"-";"-";"-";"-";"-";"-";"-";"-";"-";"48";"1060";"-";"-";"-";"-";"-";"-";"-";"-";"-";"-";"-"
"São Pedro do Piauí (PI)";"...";"-";"-";"-";"-";"-";"-";"-";"-";"-";"-";"-";"-";"325";"14";"-";"-";"-";"7";"-";"-";"-";"-";"-";"-"
"São Raimundo Nonato (PI)";"...";"-";"-";"-";"-";"-";"-";"-";"-";"-";"-";"-";"-";"103";"13";"5";"-";"-";"-";"-";"-";"-";"-";"-";"-"
"Sebastião Barros (PI)";"...";"...";"...";"...";"...";"...";"...";"...";"...";"...";"...";"...";"...";"...";"...";"...";"...";"...";"...";"...";"...";"...";"...";"...";"..."
"Sebastião Leal (PI)";"...";"-";"-";"-";"-";"-";"-";"-";"-";"-";"-";"-";"-";"5";"-";"-";"-";"-";"-";"-";"-";"-";"-";"-";"-"
"Sigefredo Pacheco (PI)";"...";"-";"-";"-";"-";"-";"-";"-";"-";"-";"-";"-";"211";"80";"111";"-";"-";"-";"-";"-";"-";"-";"-";"-";"-"
"Simões (PI)";"...";"-";"-";"-";"-";"-";"-";"-";"-";"-";"-";"-";"-";"11";"48";"-";"-";"-";"-";"-";"-";"-";"-";"-";"-"
"Simplício Mendes (PI)";"...";"-";"-";"-";"-";"-";"-";"-";"-";"-";"-";"-";"-";"26";"16";"-";"-";"-";"-";"-";"-";"-";"-";"-";"-"
"Socorro do Piauí (PI)";"...";"-";"-";"-";"-";"-";"-";"-";"-";"-";"-";"-";"-";"66";"-";"-";"-";"-";"-";"-";"-";"-";"-";"-";"-"
"Sussuapara (PI)";"...";"-";"-";"-";"-";"-";"-";"-";"-";"-";"-";"-";"-";"233";"198";"-";"-";"-";"-";"-";"-";"-";"-";"-";"-"
"Tamboril do Piauí (PI)";"...";"-";"-";"-";"-";"-";"-";"-";"-";"-";"-";"-";"-";"33";"-";"-";"-";"-";"-";"-";"-";"-";"-";"-";"-"
"Tanque do Piauí (PI)";"...";"-";"-";"-";"-";"-";"-";"-";"-";"-";"-";"-";"-";"13";"-";"-";"-";"-";"2";"-";"-";"-";"-";"-";"-"
"Teresina (PI)";"...";"-";"-";"-";"-";"-";"-";"-";"-";"-";"-";"-";"281";"2793";"444";"-";"-";"-";"-";"-";"-";"-";"-";"-";"-"
"União (PI)";"...";"-";"34";"-";"-";"-";"-";"-";"-";"65";"-";"-";"434";"2189";"605";"-";"-";"-";"-";"-";"-";"-";"-";"-";"-"
"Uruçuí (PI)";"...";"-";"-";"-";"-";"-";"-";"-";"-";"-";"-";"-";"150";"25";"190";"-";"-";"-";"-";"-";"-";"-";"-";"-";"-"
"Valença do Piauí (PI)";"...";"2";"-";"-";"-";"-";"-";"-";"-";"-";"-";"-";"-";"59";"16";"-";"-";"-";"4";"-";"-";"-";"-";"-";"-"
"Várzea Grande (PI)";"...";"-";"-";"-";"-";"-";"-";"-";"-";"-";"-";"-";"104";"217";"4";"-";"-";"-";"12";"-";"-";"-";"-";"-";"-"
"Vera Mendes (PI)";"...";"-";"-";"-";"-";"-";"-";"-";"-";"-";"-";"-";"-";"45";"21";"-";"-";"-";"-";"-";"-";"-";"-";"-";"-"
"Vila Nova do Piauí (PI)";"...";"...";"...";"...";"...";"...";"...";"...";"...";"...";"...";"...";"...";"...";"...";"...";"...";"...";"...";"...";"...";"...";"...";"...";"..."
"Wall Ferraz (PI)";"...";"-";"-";"-";"-";"-";"-";"-";"-";"-";"-";"-";"-";"186";"-";"-";"-";"-";"-";"-";"-";"-";"-";"-";"-"