Município;Bovino;Bubalino;Equino;Suíno - total;Caprino;Ovino;Galináceos - total;Codornas
Brasil;238180757;1805145;5702612;43914785;13292844;21862326;1581215552;15467570
Nordeste;36448379;136482;1424482;6627676;12806320;16073727;218109836;3648572
Piauí;1371078;532;58264;1084572;2063920;1848381;12021069;13675
Acauã (PI);6037;-;334;3372;22014;53442;21779;-
Agricolândia (PI);1554;-;35;718;711;447;9439;-
Água Branca (PI);2798;-;46;961;148;155;27550;-
Alagoinha do Piauí (PI);5345;-;305;3244;5654;14357;28808;-
Alegrete do Piauí (PI);3464;-;81;664;1873;8341;6578;-
Alto Longá (PI);13905;-;612;17388;37898;20872;64975;-
Altos (PI);7150;-;465;16334;13021;9602;1092406;-
Alvorada do Gurguéia (PI);6911;-;109;417;279;1172;6401;-
Amarante (PI);9160;-;353;10900;7608;5436;51016;-
Angical do Piauí (PI);5267;-;59;920;1329;897;123523;-
Anísio de Abreu (PI);2346;-;502;2204;4716;11190;19836;-
Antônio Almeida (PI);3518;-;76;462;320;696;6373;-
Aroazes (PI);6381;-;250;2151;8362;10497;13651;-
Aroeiras do Itaim (PI);3142;-;120;2457;724;4609;19130;-
Arraial (PI);3286;-;210;3010;3545;3610;16694;-
Assunção do Piauí (PI);4240;-;115;1906;15043;11038;19945;-
Avelino Lopes (PI);10855;-;431;3577;14616;7671;31993;-
Baixa Grande do Ribeiro (PI);13288;-;269;2657;255;415;44553;-
Barra D'Alcântara (PI);2123;-;47;818;2785;3128;14592;-
Barras (PI);15259;-;882;19037;15621;5478;98629;-
Barreiras do Piauí (PI);4565;-;169;643;1122;251;7147;-
Barro Duro (PI);1797;-;56;829;1191;420;13884;-
Batalha (PI);14863;-;370;25131;42659;11147;169763;-
Bela Vista do Piauí (PI);5680;-;415;2364;12033;16056;10868;-
Belém do Piauí (PI);1912;-;155;1365;1650;7826;10643;-
Beneditinos (PI);4609;-;276;8665;12936;8609;24957;-
Bertolínia (PI);9205;-;70;2015;684;3628;17394;-
Betânia do Piauí (PI);2498;-;124;1472;3445;22966;14799;-
Boa Hora (PI);1655;-;90;5614;3766;1255;14851;-
Bocaina (PI);3180;-;72;2379;2920;2002;12147;-
Bom Jesus (PI);25657;-;542;1918;889;3267;39699;-
Bom Princípio do Piauí (PI);2974;-;110;2748;1833;1701;11183;-
Bonfim do Piauí (PI);1564;-;372;4988;14875;7527;20938;-
Boqueirão do Piauí (PI);1278;-;68;5903;4236;1037;12019;-
Brasileira (PI);4341;-;175;7436;9566;3341;23476;-
Brejo do Piauí (PI);5448;-;370;4572;12694;10834;15826;-
Buriti dos Lopes (PI);5884;-;288;4170;3067;2642;180691;-
Buriti dos Montes (PI);6704;-;188;3046;20170;10561;25648;-
Cabeceiras do Piauí (PI);5561;-;470;15065;12543;4466;34593;-
Cajazeiras do Piauí (PI);3995;-;229;3338;3142;4182;12573;-
Cajueiro da Praia (PI);1035;-;100;1887;1469;500;14371;-
Caldeirão Grande do Piauí (PI);3121;-;172;1307;3283;11993;21339;-
Campinas do Piauí (PI);7063;-;296;4214;12949;27710;19108;-
Campo Alegre do Fidalgo (PI);2451;-;282;2844;21424;8024;11117;-
Campo Grande do Piauí (PI);1994;-;161;1549;1325;2498;19397;-
Campo Largo do Piauí (PI);4038;122;214;8609;4382;893;28891;-
Campo Maior (PI);21642;18;1760;22474;33248;31309;134087;-
Canavieira (PI);9502;-;388;1426;2809;4847;13767;-
Canto do Buriti (PI);9105;-;470;7756;2221;11486;51170;-
Capitão de Campos (PI);4424;-;194;8362;7812;2334;21016;-
Capitão Gervásio Oliveira (PI);5191;-;297;2649;30159;13394;10030;-
Caracol (PI);4455;-;615;2037;4353;5072;27477;-
Caraúbas do Piauí (PI);8295;-;195;5919;4855;2495;26468;-
Caridade do Piauí (PI);4221;-;126;1341;6593;30445;12526;-
Castelo do Piauí (PI);10602;-;290;9446;35979;16199;44484;-
Caxingó (PI);3920;-;195;2766;3394;1247;9209;-
Cocal (PI);6739;-;173;22255;22562;5982;105201;-
Cocal de Telha (PI);2569;-;29;4493;5026;1122;16400;-
Cocal dos Alves (PI);1993;-;100;8224;7151;1250;34453;-
Coivaras (PI);2716;-;200;3927;5369;4009;16976;-
Colônia do Gurguéia (PI);5803;-;119;782;539;1982;6997;-
Colônia do Piauí (PI);7373;-;244;5345;7925;8449;26480;-
Conceição do Canindé (PI);3643;-;104;1213;9704;12122;8590;-
Coronel José Dias (PI);2685;-;280;3862;31094;17219;16513;-
Corrente (PI);27814;-;1305;5367;2348;6485;69043;-
Cristalândia do Piauí (PI);19378;-;770;1902;2688;3714;30659;-
Cristino Castro (PI);5122;-;140;815;209;999;16124;-
Curimatá (PI);19989;-;711;2641;6160;15014;34874;-
Currais (PI);13699;-;113;1336;107;362;23698;-
Curralinhos (PI);3501;-;49;2410;2582;960;14202;-
Curral Novo do Piauí (PI);2809;-;201;1236;6493;18230;10023;-
Demerval Lobão (PI);1655;-;114;4156;2784;1742;46859;-
Dirceu Arcoverde (PI);3460;-;315;9734;45971;37409;25227;-
Dom Expedito Lopes (PI);1166;-;29;979;218;793;11852;-
Domingos Mourão (PI);3114;-;204;8915;11052;4397;16339;-
Dom Inocêncio (PI);7251;-;706;8156;92684;60320;23077;-
Elesbão Veloso (PI);16072;-;525;3615;11143;22955;32821;-
Eliseu Martins (PI);5943;-;109;1744;1686;914;52654;-
Esperantina (PI);8825;10;352;23587;23966;4223;114803;-
Fartura do Piauí (PI);3137;-;301;3960;27431;12617;18692;-
Flores do Piauí (PI);4510;-;166;4128;6040;1968;17158;-
Floresta do Piauí (PI);2472;-;169;1667;1454;5380;10192;-
Floriano (PI);10710;-;868;6928;19155;9690;213594;-
Francinópolis (PI);2952;-;77;1298;2691;1710;54906;-
Francisco Ayres (PI);3710;-;147;1430;1790;2970;12524;-
Francisco Macedo (PI);1511;-;28;878;1406;4259;8590;-
Francisco Santos (PI);3312;-;117;1390;975;2134;31253;-
Fronteiras (PI);5741;-;77;1235;9340;25966;25730;-
Geminiano (PI);3509;-;135;1851;897;3716;27120;-
Gilbués (PI);10294;-;497;2137;1588;1842;25086;-
Guadalupe (PI);5144;-;138;1157;4102;1782;7074;-
Guaribas (PI);2152;-;59;1966;1843;275;15907;-
Hugo Napoleão (PI);2003;-;21;1611;1420;1201;43078;-
Ilha Grande (PI);1609;-;108;545;222;856;5969;-
Inhuma (PI);7222;-;254;5509;3253;3724;49292;-
Ipiranga do Piauí (PI);2781;-;76;2092;2486;1704;26920;-
Isaías Coelho (PI);8004;-;333;5345;22028;22714;24974;-
Itainópolis (PI);6884;-;404;6636;16518;23680;55552;-
Itaueira (PI);13577;-;580;8671;10508;14873;47839;-
Jacobina do Piauí (PI);10626;-;224;997;15025;72531;13825;-
Jaicós (PI);3929;-;285;4324;13426;15250;57680;-
Jardim do Mulato (PI);3252;-;29;1407;3105;350;20859;-
Jatobá do Piauí (PI);7072;-;351;5828;21717;15365;26670;-
Jerumenha (PI);6554;-;506;1143;3273;3899;4118;-
João Costa (PI);3539;-;238;3652;17318;15869;12738;-
Joaquim Pires (PI);10791;29;384;13054;13699;2451;43418;-
Joca Marques (PI);4505;-;74;5746;2519;669;26021;-
José de Freitas (PI);13612;93;1711;27486;25915;21016;191574;-
Juazeiro do Piauí (PI);4140;-;130;6177;19721;4733;19908;-
Júlio Borges (PI);11837;-;275;2868;14414;3526;20416;-
Jurema (PI);2637;-;466;1434;4390;9361;21121;-
Lagoinha do Piauí (PI);1443;-;25;689;770;411;8272;-
Lagoa Alegre (PI);1750;-;224;9807;6071;3169;16551;-
Lagoa do Barro do Piauí (PI);3470;-;370;2667;27174;21146;8331;-
Lagoa de São Francisco (PI);1336;-;94;8431;8346;1549;24443;-
Lagoa do Piauí (PI);2888;-;125;4433;6052;2260;185077;-
Lagoa do Sítio (PI);3512;-;117;3241;4894;4923;17838;-
Landri Sales (PI);7571;4;277;2523;4260;2128;26060;-
Luís Correia (PI);8486;-;412;13282;11755;8504;81464;-
Luzilândia (PI);7702;-;346;18946;10499;1236;67161;-
Madeiro (PI);4065;-;161;3951;1682;303;18757;-
Manoel Emídio (PI);7332;-;53;1849;316;1171;20232;-
Marcolândia (PI);695;-;41;860;239;2064;9288;-
Marcos Parente (PI);5385;-;149;1787;3982;2351;11962;-
Massapê do Piauí (PI);2693;-;185;1914;8948;20139;19837;-
Matias Olímpio (PI);2176;48;48;5760;3184;444;19902;-
Miguel Alves (PI);7033;12;508;23433;9390;2721;77413;-
Miguel Leão (PI);204;-;38;398;480;321;4702;-
Milton Brandão (PI);3816;-;162;9694;22219;5897;32981;-
Monsenhor Gil (PI);2587;-;113;3975;6217;2158;22974;-
Monsenhor Hipólito (PI);5311;-;439;1783;382;1329;41025;-
Monte Alegre do Piauí (PI);23487;-;374;3648;2059;2712;59653;-
Morro Cabeça no Tempo (PI);6218;-;53;541;2564;1281;12662;-
Morro do Chapéu do Piauí (PI);4072;-;208;7494;6851;680;19174;-
Murici dos Portelas (PI);4552;54;245;9224;5514;967;36071;-
Nazaré do Piauí (PI);6661;-;135;3628;7075;5025;15250;-
Nazária (PI);4011;36;150;5959;3880;1911;95032;-
Nossa Senhora de Nazaré (PI);3764;-;351;12014;11415;10922;22812;-
Nossa Senhora dos Remédios (PI);3933;-;178;10060;4853;1239;28993;-
Novo Oriente do Piauí (PI);6749;-;175;1756;4388;8679;17339;-
Novo Santo Antônio (PI);4143;-;194;4217;9018;10779;15759;-
Oeiras (PI);13211;-;506;16506;33213;21620;89152;-
Olho D'Água do Piauí (PI);3571;-;52;698;840;462;9447;-
Padre Marcos (PI);2286;-;171;2208;3205;14551;14589;-
Paes Landim (PI);3552;-;167;2221;8538;6793;20130;-
Pajeú do Piauí (PI);4771;-;187;3387;4220;4420;17263;-
Palmeira do Piauí (PI);7132;-;146;1008;1060;1084;22395;-
Palmeirais (PI);5914;-;120;4237;1195;1021;54098;-
Paquetá (PI);2402;-;65;2002;1172;1971;12104;-
Parnaguá (PI);40396;-;1139;2374;1875;4325;33336;-
Parnaíba (PI);5916;5;338;3647;1498;3655;168003;13440
Passagem Franca do Piauí (PI);4255;-;59;3290;4761;3110;15891;-
Patos do Piauí (PI);4700;-;284;3006;17227;23560;17318;-
Pau D'Arco do Piauí (PI);1771;-;107;6553;5098;5594;20830;-
Paulistana (PI);9004;-;387;5383;27981;68221;26765;-
Pavussu (PI);2232;-;216;3662;5926;3243;11367;-
Pedro II (PI);6268;-;443;21510;25089;8935;90946;-
Pedro Laurentino (PI);4956;-;267;1732;12324;12532;9058;-
Nova Santa Rita (PI);5639;-;285;2956;19033;20417;15907;-
Picos (PI);9480;-;246;6192;1171;7380;77290;-
Pimenteiras (PI);13668;-;367;5098;19114;8823;33945;-
Pio IX (PI);6960;-;430;3692;13592;43184;38077;-
Piracuruca (PI);16004;-;563;18085;25825;8700;176753;-
Piripiri (PI);13325;84;629;28736;28477;8091;100112;-
Porto (PI);2874;-;230;4961;2832;519;17159;-
Porto Alegre do Piauí (PI);5926;-;225;1031;2474;1216;8687;-
Prata do Piauí (PI);1216;-;43;901;4005;3180;4421;-
Queimada Nova (PI);5298;-;407;4164;44955;39394;15219;-
Redenção do Gurguéia (PI);11602;-;256;1433;1514;1365;22158;-
Regeneração (PI);5110;-;126;3903;7721;2716;42895;-
Riacho Frio (PI);15057;-;584;1086;805;1932;18699;-
Ribeira do Piauí (PI);6368;-;215;2863;10128;11329;7788;-
Ribeiro Gonçalves (PI);8926;-;122;645;240;601;87385;-
Rio Grande do Piauí (PI);5410;-;363;5888;5541;5008;23254;-
Santa Cruz do Piauí (PI);5415;-;160;2777;2652;6331;15258;-
Santa Cruz dos Milagres (PI);4402;-;234;1025;8050;4070;9520;-
Santa Filomena (PI);14017;-;242;1957;2563;1222;23906;-
Santa Luz (PI);13328;-;255;428;1539;2022;16034;-
Santana do Piauí (PI);897;-;43;584;109;207;9566;-
Santa Rosa do Piauí (PI);5396;-;191;1529;2254;5413;10776;-
Santo Antônio de Lisboa (PI);2514;-;34;1203;956;1090;13733;-
Santo Antônio dos Milagres (PI);261;-;22;1359;501;227;8224;-
Santo Inácio do Piauí (PI);4628;-;213;2638;7622;7399;13317;-
São Braz do Piauí (PI);1471;-;231;2283;5228;5537;19744;-
São Félix do Piauí (PI);5809;-;96;1014;7765;8610;6269;-
São Francisco de Assis do Piauí (PI);3975;-;378;2806;25132;19527;10368;-
São Francisco do Piauí (PI);5793;-;233;4883;13600;7877;26956;-
São Gonçalo do Gurguéia (PI);5961;-;168;1174;206;893;10920;-
São Gonçalo do Piauí (PI);2423;-;39;1842;951;403;14105;-
São João da Canabrava (PI);1134;-;43;2114;2085;1660;7160;-
São João da Fronteira (PI);3341;-;129;3273;7415;3556;7336;-
São João da Serra (PI);8263;-;397;2463;19214;14459;16638;-
São João da Varjota (PI);1462;-;59;2379;1061;727;9946;-
São João do Arraial (PI);2182;-;58;6280;3710;188;21813;-
São João do Piauí (PI);6278;-;495;5428;20741;19458;25044;-
São José do Divino (PI);10158;-;216;3024;9944;6255;13803;-
São José do Peixe (PI);5793;-;300;1192;3893;7713;6295;-
São José do Piauí (PI);3138;-;206;3010;388;273;27279;-
São Julião (PI);2672;-;108;1390;5164;10330;8940;-
São Lourenço do Piauí (PI);1788;-;104;7593;32046;22355;19145;-
São Luis do Piauí (PI);1435;-;57;3702;5694;2592;9560;-
São Miguel da Baixa Grande (PI);2387;-;43;1250;3113;3435;4318;-
São Miguel do Fidalgo (PI);3268;-;182;1664;2997;3530;8827;-
São Miguel do Tapuio (PI);14989;-;307;8164;41743;25658;48645;-
São Pedro do Piauí (PI);6356;-;128;3192;1140;556;114032;-
São Raimundo Nonato (PI);4464;-;375;10484;51806;24865;59281;-
Sebastião Barros (PI);16817;-;583;1315;1682;3803;24379;-
Sebastião Leal (PI);7799;-;92;804;242;972;17870;-
Sigefredo Pacheco (PI);6806;-;390;10938;27494;13256;38405;-
Simões (PI);7368;-;579;2803;11015;37094;34007;-
Simplício Mendes (PI);9707;-;528;3752;14398;22669;40382;-
Socorro do Piauí (PI);3596;-;145;2050;11521;4373;7758;-
Sussuapara (PI);1999;-;49;1735;1129;1122;18305;-
Tamboril do Piauí (PI);2418;-;168;3463;10562;3634;14505;-
Tanque do Piauí (PI);1252;-;41;1183;2147;604;11763;-
Teresina (PI);9876;17;426;14271;5689;5939;2996361;235
União (PI);9584;-;793;31021;14853;9512;146212;-
Uruçuí (PI);19612;-;209;4064;1278;1562;310209;-
Valença do Piauí (PI);6296;-;194;4107;4807;7003;517264;-
Várzea Branca (PI);2365;-;357;3313;17970;7104;18033;-
Várzea Grande (PI);1644;-;47;1609;2373;1651;18722;-
Vera Mendes (PI);2119;-;157;2679;15294;11586;12865;-
Vila Nova do Piauí (PI);3216;-;135;878;1564;6722;9169;-
Wall Ferraz (PI);3456;-;145;4773;4166;8016;19556;-
